index,name,lat,lng,geopoint,number_of_employees,amount_raised_k$,category_code,wealth,news_agencies,offices_near,final_score,bar,bus,subway_station
881,Wishabi,40.744549,-73.988071,"{'type': 'Point', 'coordinates': [-73.988071, 40.744549]}",50,16000.0,ecommerce,0.8210251505,-0.0,0.7647058823529411,1.5857310328529413,20,13,13
1119,ReachForce,40.752539,-73.987871,"{'type': 'Point', 'coordinates': [-73.987871, 40.752539]}",40,14500.0,enterprise,0.6501408722,-0.0,0.8235294117647058,1.4736702839647058,20,7,16
1428,SpaBooker,37.778991,-122.401803,"{'type': 'Point', 'coordinates': [-122.401803, 37.778991]}",42,14700.0,software,0.6836238688,-0.0,0.6666666666666666,1.3502905354666668,20,5,1
209,Replay Solutions,40.752143,-73.990675,"{'type': 'Point', 'coordinates': [-73.990675, 40.752143]}",30,15200.0,software,0.4900048679,-0.0,0.7450980392156863,1.2351029071156863,20,7,16
1327,BASH Gaming,40.74828,-73.989276,"{'type': 'Point', 'coordinates': [-73.989276, 40.74828]}",25,1000.0,games_video,0.2929359131,-0.0,0.9019607843137255,1.1948966974137254,20,8,18
1,Scribd,37.789634,-122.404052,"{'type': 'Point', 'coordinates': [-122.404052, 37.789634]}",50,25800.0,news,0.8615478978,-0.4,0.7254901960784313,1.1870380938784313,20,17,3
50,Echo,37.786942,-122.401245,"{'type': 'Point', 'coordinates': [-122.401245, 37.786942]}",50,4800.0,enterprise,0.7189118421,-0.4,0.8431372549019608,1.1620490970019608,20,20,3
6,Technorati,37.779558,-122.393041,"{'type': 'Point', 'coordinates': [-122.393041, 37.779558]}",35,32100.0,advertising,0.6160546777,-0.0,0.49019607843137253,1.1062507561313726,20,4,0
1278,Questra,37.7983181,-122.4000032,"{'type': 'Point', 'coordinates': [-122.4000032, 37.7983181]}",45,12500.0,software,0.7200792453,-0.0,0.37254901960784315,1.0926282649078431,20,5,2
420,Crowd Science,40.745064,-73.992637,"{'type': 'Point', 'coordinates': [-73.992637, 40.745064]}",25,2000.0,web,0.3223300786,-0.0,0.7647058823529411,1.0870359609529412,20,10,16
97,RepairPal,37.7799872,-122.3975878,"{'type': 'Point', 'coordinates': [-122.3975878, 37.7799872]}",25,21300.0,web,0.4226459438,-0.0,0.6470588235294118,1.0697047673294118,20,6,0
1408,GoHome,40.7501311,-73.9812417,"{'type': 'Point', 'coordinates': [-73.9812417, 40.7501311]}",19,942.97,search,0.2207387703,-0.0,0.8431372549019608,1.0638760252019608,20,15,13
853,kooaba,40.744201,-73.989505,"{'type': 'Point', 'coordinates': [-73.989505, 40.744201]}",20,2920.0,mobile,0.2707026906,-0.0,0.7843137254901961,1.055016416090196,20,13,14
1299,Conformiq,40.7438356,-73.9890149,"{'type': 'Point', 'coordinates': [-73.9890149, 40.7438356]}",20,4200.0,software,0.2830346238,-0.0,0.7647058823529411,1.047740506152941,20,12,13
448,Pivot,37.787646,-122.402759,"{'type': 'Point', 'coordinates': [-122.402759, 37.787646]}",40,13100.0,software,0.6432515341,-0.4,0.803921568627451,1.047173102727451,20,20,3
1293,Plastic Jungle,40.7454098,-73.9822211,"{'type': 'Point', 'coordinates': [-73.9822211, 40.7454098]}",22,23400.0,ecommerce,0.3754374027,-0.0,0.6666666666666666,1.0421040693666666,20,10,11
346,Rapleaf,37.798853,-122.398599,"{'type': 'Point', 'coordinates': [-122.398599, 37.798853]}",44,16000.0,messaging,0.7225021325,-0.0,0.3137254901960784,1.0362276226960785,20,5,1
1166,CrowdFlower,37.795141,-122.401194,"{'type': 'Point', 'coordinates': [-122.401194, 37.795141]}",49,13200.0,enterprise,0.7886152035,-0.4,0.6470588235294118,1.0356740270294118,20,16,2
74,FlowPlay,40.740337,-73.993127,"{'type': 'Point', 'coordinates': [-73.993127, 40.740337]}",30,3970.0,games_video,0.4216859932,-0.0,0.6078431372549019,1.029529130454902,20,7,14
572,Nuroa,40.747003,-73.991562,"{'type': 'Point', 'coordinates': [-73.991562, 40.747003]}",16,3328.13,search,0.2201128439,-0.0,0.803921568627451,1.024034412527451,20,10,14
1441,userADgents,40.751969,-73.99031,"{'type': 'Point', 'coordinates': [-73.99031, 40.751969]}",15,500.0,mobile,0.1581250485,-0.0,0.8627450980392157,1.0208701465392158,20,6,16
1135,Green Apple Media,50.1136964,8.6503108,"{'type': 'Point', 'coordinates': [8.6503108, 50.1136964]}",50,132000.0,web,1.0,-0.0,0.0196078431372549,1.0196078431372548,20,0,3
239,CLEAR,51.50485,-0.018647,"{'type': 'Point', 'coordinates': [-0.018647, 51.50485]}",50,116000.0,travel,0.9890410835,-0.0,0.0196078431372549,1.008648926637255,20,7,1
376,Aster Data Systems,30.265557,-97.73151,"{'type': 'Point', 'coordinates': [-97.73151, 30.265557]}",50,53000.0,analytics,0.9226067103,-0.0,0.0784313725490196,1.0010380828490195,20,3,0
83,Worklight,37.786906,-122.397672,"{'type': 'Point', 'coordinates': [-122.397672, 37.786906]}",30,17600.0,mobile,0.4974652519,-0.4,0.9019607843137255,0.9994260362137255,20,20,3
1167,Mantara,37.7581148,-122.4184108,"{'type': 'Point', 'coordinates': [-122.4184108, 37.7581148]}",50,50600.0,software,0.9186764179,-0.0,0.0784313725490196,0.9971077904490195,20,4,2
51,Six Apart,34.018275,-118.495025,"{'type': 'Point', 'coordinates': [-118.495025, 34.018275]}",50,22600.0,enterprise,0.8503164875,-0.0,0.13725490196078433,0.9875713894607843,20,4,0
33,Grockit,40.757929,-73.985506,"{'type': 'Point', 'coordinates': [-73.985506, 40.757929]}",25,44700.0,social,0.4540806935,-0.0,0.5294117647058824,0.9834924582058824,20,4,18
3,Wetpaint,47.603122,-122.333253,"{'type': 'Point', 'coordinates': [-122.333253, 47.603122]}",47,39800.0,web,0.8444151273,-0.0,0.11764705882352941,0.9620621861235295,20,13,0
25,ooma,37.451026,-122.18676,"{'type': 'Point', 'coordinates': [-122.18676, 37.451026]}",47,81300.0,hardware,0.9013608972,-0.0,0.058823529411764705,0.9601844266117647,5,0,0
1137,CouponCabin,36.9397206,-121.7768449,"{'type': 'Point', 'coordinates': [-121.7768449, 36.9397206]}",50,54000.0,web,0.924192058,-0.0,0.0196078431372549,0.943799901137255,2,0,0
1070,Apprenda,33.1032516,-117.2667494,"{'type': 'Point', 'coordinates': [-117.2667494, 33.1032516]}",51,31000.0,enterprise,0.8946631743,-0.0,0.0392156862745098,0.9338788605745098,3,0,0
28,Socialtext,34.42071,-119.641821,"{'type': 'Point', 'coordinates': [-119.641821, 34.42071]}",50,46800.0,enterprise,0.9120551555,-0.0,0.0196078431372549,0.931662998637255,9,0,0
886,Movidius,34.267061,-118.864513,"{'type': 'Point', 'coordinates': [-118.864513, 34.267061]}",50,46500.0,semiconductor,0.9115097283,-0.0,0.0196078431372549,0.9311175714372549,0,0,0
1395,Masterpiece,40.749884,-73.987977,"{'type': 'Point', 'coordinates': [-73.987977, 40.749884]}",32,0.0,advertising,0.0542807256,-0.0,0.8627450980392157,0.9170258236392157,20,11,19
1071,Apprenda,34.600895,-112.458454,"{'type': 'Point', 'coordinates': [-112.458454, 34.600895]}",51,31000.0,enterprise,0.8946631743,-0.0,0.0196078431372549,0.9142710174372549,1,0,0
5,Plaxo,37.387845,-122.055197,"{'type': 'Point', 'coordinates': [-122.055197, 37.387845]}",50,28300.0,web,0.8693920829,-0.0,0.0392156862745098,0.9086077691745098,0,0,0
825,Visuamobile,40.747819,-73.982544,"{'type': 'Point', 'coordinates': [-73.982544, 40.747819]}",35,0.0,software,0.0593695436,-0.0,0.8431372549019608,0.9025067985019608,20,15,13
266,Univa UD,43.6124,-116.3908,"{'type': 'Point', 'coordinates': [-116.3908, 43.6124]}",50,33000.0,software,0.8824233378,-0.0,0.0196078431372549,0.902031180937255,9,0,0
1650,Topsy Labs,37.392392,-122.078727,"{'type': 'Point', 'coordinates': [-122.078727, 37.392392]}",45,35200.0,analytics,0.7991073759,-0.0,0.09803921568627451,0.8971465915862745,19,5,0
147,Collarity,37.7766587,-122.395875,"{'type': 'Point', 'coordinates': [-122.395875, 37.7766587]}",30,12200.0,advertising,0.4788166193,-0.0,0.4117647058823529,0.8905813251823529,20,3,0
132,Lijit Networks,40.32462,-111.679755,"{'type': 'Point', 'coordinates': [-111.679755, 40.32462]}",50,28300.0,advertising,0.8693920829,-0.0,0.0196078431372549,0.888999926037255,0,0,0
1199,SparkBase,37.400465,-122.073003,"{'type': 'Point', 'coordinates': [-122.073003, 37.400465]}",51,10500.0,software,0.8010065161,-0.0,0.0784313725490196,0.8794378886490195,12,0,0
568,Ocarina Networks,37.235298,-121.782424,"{'type': 'Point', 'coordinates': [-121.782424, 37.235298]}",50,20000.0,network_hosting,0.839950766,-0.0,0.0392156862745098,0.8791664522745097,0,0,0
1329,Major League Gaming,36.742342,-119.79545,"{'type': 'Point', 'coordinates': [-119.79545, 36.742342]}",45,69000.0,games_video,0.850483606,-0.0,0.0196078431372549,0.8700914491372549,6,1,0
185,Central Desktop,40.019299,-105.274628,"{'type': 'Point', 'coordinates': [-105.274628, 40.019299]}",50,7000.0,public_relations,0.7509115368,-0.0,0.11764705882352941,0.8685585956235294,20,5,0
1440,Infobright,33.903022,-118.3864712,"{'type': 'Point', 'coordinates': [-118.3864712, 33.903022]}",50,21000.0,software,0.8440888371,-0.0,0.0196078431372549,0.863696680237255,12,1,0
885,Wishabi,12.9561278,77.5922642,"{'type': 'Point', 'coordinates': [77.5922642, 12.9561278]}",50,16000.0,ecommerce,0.8210251505,-0.0,0.0392156862745098,0.8602408367745098,19,1,0
476,Lat49,37.787076,-122.399412,"{'type': 'Point', 'coordinates': [-122.399412, 37.787076]}",24,3800.0,advertising,0.3355670965,-0.4,0.9215686274509803,0.8571357239509803,20,20,3
1499,ExtraHop Networks,37.5186215,15.0916839,"{'type': 'Point', 'coordinates': [15.0916839, 37.5186215]}",50,19100.0,enterprise,0.8360456122,-0.0,0.0196078431372549,0.8556534553372549,20,0,2
1359,AppZero,33.9585714,-83.9902648,"{'type': 'Point', 'coordinates': [-83.9902648, 33.9585714]}",50,15100.0,software,0.8161149518,-0.0,0.0392156862745098,0.8553306380745098,6,0,0
1249,Ginger Software,33.5842816,-117.7306817,"{'type': 'Point', 'coordinates': [-117.7306817, 33.5842816]}",50,11700.0,software,0.7944784933,-0.0,0.058823529411764705,0.8533020227117647,1,0,0
29,Jaxtr,37.792394,-122.402349,"{'type': 'Point', 'coordinates': [-122.402349, 37.792394]}",30,21500.0,mobile,0.5076507264,-0.4,0.7450980392156863,0.8527487656156862,20,19,2
1391,Gridstore,40.73343,-73.990967,"{'type': 'Point', 'coordinates': [-73.990967, 40.73343]}",31,27734.45,network_hosting,0.5379615963,-0.0,0.3137254901960784,0.8516870864960784,20,5,12
1254,Visage Mobile,33.487056,-111.909805,"{'type': 'Point', 'coordinates': [-111.909805, 33.487056]}",51,14000.0,enterprise,0.8258938653,-0.0,0.0196078431372549,0.8455017084372549,6,0,0
846,Papercheck,40.7440142,-73.989586,"{'type': 'Point', 'coordinates': [-73.989586, 40.7440142]}",35,0.0,consulting,0.0593695436,-0.0,0.7843137254901961,0.8436832690901961,20,14,14
1177,WebLayers,48.8880862,2.3210845,"{'type': 'Point', 'coordinates': [2.3210845, 48.8880862]}",50,10000.0,software,0.7811624349,-0.0,0.058823529411764705,0.8399859643117648,20,17,8
1488,Chartbeat,12.9959332,77.6102811,"{'type': 'Point', 'coordinates': [77.6102811, 12.9959332]}",50,14500.0,analytics,0.8126760902,-0.0,0.0196078431372549,0.8322839333372549,5,0,0
8,Kyte,37.788482,-122.409173,"{'type': 'Point', 'coordinates': [-122.409173, 37.788482]}",40,23400.0,games_video,0.6826134595,-0.4,0.5490196078431373,0.8316330673431372,20,18,2
1549,Stream57,40.743877,-73.98618,"{'type': 'Point', 'coordinates': [-73.98618, 40.743877]}",50,0.0,software,0.0848136337,-0.0,0.7450980392156863,0.8299116729156863,20,15,10
211,Wrike,37.374659,-121.970209,"{'type': 'Point', 'coordinates': [-121.970209, 37.374659]}",50,11000.0,enterprise,0.7892460375,-0.0,0.0392156862745098,0.8284617237745098,2,0,0
1518,MicroMedia,40.7488761,-73.9815793,"{'type': 'Point', 'coordinates': [-73.9815793, 40.7488761]}",25,0.0,mobile,0.0424068169,-0.0,0.7843137254901961,0.8267205423901961,20,16,12
189,Participatory Culture Foundation,40.747003,-73.991562,"{'type': 'Point', 'coordinates': [-73.991562, 40.747003]}",11,0.0,web,0.0186589994,-0.0,0.803921568627451,0.822580568027451,20,10,14
22,Seesmic,37.782263,-122.392142,"{'type': 'Point', 'coordinates': [-122.392142, 37.782263]}",13,16000.0,web,0.2134665391,-0.0,0.6078431372549019,0.8213096763549019,20,3,0
47,Flock,40.010492,-105.276843,"{'type': 'Point', 'coordinates': [-105.276843, 40.010492]}",40,28300.0,web,0.6955136663,-0.0,0.11764705882352941,0.8131607251235294,20,0,0
7,Mahalo,34.017606,-118.487267,"{'type': 'Point', 'coordinates': [-118.487267, 34.017606]}",40,21000.0,web,0.6752710697,-0.0,0.13725490196078433,0.8125259716607842,20,2,0
1595,ExteNet Systems,12.9327554,100.882017,"{'type': 'Point', 'coordinates': [100.882017, 12.9327554]}",39,156000.0,network_hosting,0.7910514019,-0.0,0.0196078431372549,0.810659245037255,20,0,0
1592,ExteNet Systems,13.7424752,100.5517604,"{'type': 'Point', 'coordinates': [100.5517604, 13.7424752]}",39,156000.0,network_hosting,0.7910514019,-0.0,0.0196078431372549,0.810659245037255,20,3,3
225,AnchorFree,38.901279,-77.043194,"{'type': 'Point', 'coordinates': [-77.043194, 38.901279]}",40,62800.0,security,0.7495971675,-0.0,0.058823529411764705,0.8084206969117648,20,13,5
488,BountyJobs,30.181709,-97.880286,"{'type': 'Point', 'coordinates': [-97.880286, 30.181709]}",45,29800.0,web,0.786395176,-0.0,0.0196078431372549,0.8060030191372549,0,0,0
904,Zoopla,45.3479463,-75.9200142,"{'type': 'Point', 'coordinates': [-75.9200142, 45.3479463]}",50,10200.0,real_estate,0.7828419676,-0.0,0.0196078431372549,0.802449810737255,5,0,0
693,Likewise Software,24.9068278,67.0806218,"{'type': 'Point', 'coordinates': [67.0806218, 24.9068278]}",50,10000.0,software,0.7811624349,-0.0,0.0196078431372549,0.800770278037255,1,0,0
741,ConnectSolutions,37.51821,-122.044025,"{'type': 'Point', 'coordinates': [-122.044025, 37.51821]}",50,10000.0,enterprise,0.7811624349,-0.0,0.0196078431372549,0.800770278037255,0,0,0
253,Spongecell,36.030702,-86.776051,"{'type': 'Point', 'coordinates': [-86.776051, 36.030702]}",50,10000.0,advertising,0.7811624349,-0.0,0.0196078431372549,0.800770278037255,1,0,0
667,Likewise Software,33.430111,-86.707805,"{'type': 'Point', 'coordinates': [-86.707805, 33.430111]}",50,10000.0,software,0.7811624349,-0.0,0.0196078431372549,0.800770278037255,5,0,0
56,Docstoc,37.775196,-122.419204,"{'type': 'Point', 'coordinates': [-122.419204, 37.775196]}",40,4000.0,web,0.5627587907,-0.0,0.23529411764705882,0.7980529083470589,20,12,1
466,Boxee,44.468055,-73.207641,"{'type': 'Point', 'coordinates': [-73.207641, 44.468055]}",45,26500.0,software,0.7774365413,-0.0,0.0196078431372549,0.7970443844372549,20,0,0
685,UBmatrix,22.582303,88.416152,"{'type': 'Point', 'coordinates': [88.416152, 22.582303]}",50,9300.0,software,0.7750074507,-0.0,0.0196078431372549,0.7946152938372549,12,0,3
696,UBmatrix,50.710267,7.066468,"{'type': 'Point', 'coordinates': [7.066468, 50.710267]}",50,9300.0,software,0.7750074507,-0.0,0.0196078431372549,0.7946152938372549,1,0,0
1389,IGLOO Software,13.014823,77.6503104,"{'type': 'Point', 'coordinates': [77.6503104, 13.014823]}",50,9000.0,software,0.7722264267,-0.0,0.0196078431372549,0.7918342698372549,18,0,0
271,Honeypot Marketing,40.744402,-73.987949,"{'type': 'Point', 'coordinates': [-73.987949, 40.744402]}",12,0.0,advertising,0.0203552721,-0.0,0.7647058823529411,0.7850611544529411,20,13,13
848,Artiklz,40.748047,-73.992402,"{'type': 'Point', 'coordinates': [-73.992402, 40.748047]}",12,0.0,search,0.0203552721,-0.0,0.7647058823529411,0.7850611544529411,20,6,15
1703,isango!,34.15084,-118.448703,"{'type': 'Point', 'coordinates': [-118.448703, 34.15084]}",50,8000.0,web,0.7622368194,-0.0,0.0196078431372549,0.7818446625372549,15,0,0
854,MaxPowerSoft,40.744618,-73.987764,"{'type': 'Point', 'coordinates': [-73.987764, 40.744618]}",10,0.0,software,0.0169627267,-0.0,0.7647058823529411,0.7816686090529411,20,14,13
1618,kontoblick,40.746514,-73.993035,"{'type': 'Point', 'coordinates': [-73.993035, 40.746514]}",10,0.0,web,0.0169627267,-0.0,0.7647058823529411,0.7816686090529411,20,7,13
1594,Servo Software,51.5203268,-0.0994596,"{'type': 'Point', 'coordinates': [-0.0994596, 51.5203268]}",40,3010.0,software,0.5434650947,-0.0,0.23529411764705882,0.7787592123470588,20,20,6
489,Keibi Technologies,37.789902,-122.4007791,"{'type': 'Point', 'coordinates': [-122.4007791, 37.789902]}",30,5000.0,software,0.4334244623,-0.4,0.7450980392156863,0.7785225015156862,20,20,3
201,Invoke Solutions,37.776878,-122.400934,"{'type': 'Point', 'coordinates': [-122.400934, 37.776878]}",25,5500.0,web,0.3652288532,-0.0,0.4117647058823529,0.7769935590823529,20,5,0
152,uVuMobile,40.744639,-73.983963,"{'type': 'Point', 'coordinates': [-73.983963, 40.744639]}",26,0.0,software,0.0441030895,-0.0,0.7254901960784313,0.7695932855784313,20,15,10
910,Brickfish,40.754608,-73.974674,"{'type': 'Point', 'coordinates': [-73.974674, 40.754608]}",30,940.0,software,0.348374369,-0.0,0.4117647058823529,0.7601390748823529,20,10,8
682,UsingMiles,40.753931,-73.991123,"{'type': 'Point', 'coordinates': [-73.991123, 40.753931]}",15,3270.0,travel,0.205907451,-0.0,0.5490196078431373,0.7549270588431373,20,9,16
384,ScribbleLive,37.580304,-122.343679,"{'type': 'Point', 'coordinates': [-122.343679, 37.580304]}",45,9017.25,enterprise,0.6951499475,-0.0,0.058823529411764705,0.7539734769117648,14,1,0
94,Disqus,37.8454819,-122.296342,"{'type': 'Point', 'coordinates': [-122.296342, 37.8454819]}",43,10500.0,web,0.6753584351,-0.0,0.0784313725490196,0.7537898076490197,14,1,0
312,Serious Business,37.7867392,-122.4013875,"{'type': 'Point', 'coordinates': [-122.4013875, 37.7867392]}",22,4000.0,games_video,0.3095173349,-0.4,0.8431372549019608,0.7526545898019608,20,20,3
1348,Enclarity,39.444421,-119.749721,"{'type': 'Point', 'coordinates': [-119.749721, 39.444421]}",50,5500.0,consulting,0.7304577064,-0.0,0.0196078431372549,0.7500655495372549,2,0,0
810,Right90,43.30758,5.387345,"{'type': 'Point', 'coordinates': [5.387345, 43.30758]}",43,22000.0,software,0.729309557,-0.0,0.0196078431372549,0.7489174001372549,20,1,3
4,MeetMoi,40.757929,-73.985506,"{'type': 'Point', 'coordinates': [-73.985506, 40.757929]}",15,5580.0,social,0.219504742,-0.0,0.5294117647058824,0.7489165067058824,20,4,18
683,Atigeo,51.321354,4.958736,"{'type': 'Point', 'coordinates': [4.958736, 51.321354]}",50,5390.0,software,0.7287442414,-0.0,0.0196078431372549,0.748352084537255,3,0,0
699,Atigeo,43.474686,-80.521246,"{'type': 'Point', 'coordinates': [-80.521246, 43.474686]}",50,5390.0,software,0.7287442414,-0.0,0.0196078431372549,0.748352084537255,20,0,0
458,Zenoss,40.455219,-3.650703,"{'type': 'Point', 'coordinates': [-3.650703, 40.455219]}",40,45600.0,software,0.7278816641,-0.0,0.0196078431372549,0.7474895072372549,20,0,3
79,Viewpoints,40.756799,-73.976348,"{'type': 'Point', 'coordinates': [-73.976348, 40.756799]}",15,5000.0,web,0.2167122311,-0.0,0.5294117647058824,0.7461239958058824,20,5,18
105,WEbook,37.78624,-122.39897,"{'type': 'Point', 'coordinates': [-122.39897, 37.78624]}",10,5000.0,web,0.1444748208,-0.4,1.0,0.7444748207999999,20,20,3
1411,Kiala,37.335003,-121.890153,"{'type': 'Point', 'coordinates': [-121.890153, 37.335003]}",37,40175.15,other,0.6653411514,-0.0,0.0784313725490196,0.7437725239490196,20,1,0
35,ScanScout,37.55909,-122.321836,"{'type': 'Point', 'coordinates': [-122.321836, 37.55909]}",40,17500.0,advertising,0.6629003867,-0.0,0.0784313725490196,0.7413317592490196,20,1,0
945,Xeround,29.685897,-95.308391,"{'type': 'Point', 'coordinates': [-95.308391, 29.685897]}",40,39800.0,analytics,0.7186511721,-0.0,0.0196078431372549,0.7382590152372549,4,0,0
1632,Aria Networks,51.5215279,-0.1038219,"{'type': 'Point', 'coordinates': [-0.1038219, 51.5215279]}",35,9050.0,software,0.5408874167,-0.0,0.19607843137254902,0.736965848072549,20,20,4
310,Triggit,39.653054,-104.959446,"{'type': 'Point', 'coordinates': [-104.959446, 39.653054]}",43,18500.0,advertising,0.7166711653,-0.0,0.0196078431372549,0.7362790084372549,1,1,0
1016,Virtual Bridges,27.445135,-82.485057,"{'type': 'Point', 'coordinates': [-82.485057, 27.445135]}",45,4000.0,software,0.6331036395,-0.0,0.09803921568627451,0.7311428551862745,1,0,0
287,Memeo,36.08901,-79.924117,"{'type': 'Point', 'coordinates': [-79.924117, 36.08901]}",45,11100.0,software,0.7110122283,-0.0,0.0196078431372549,0.7306200714372549,1,0,0
1668,InteliCloud,30.267153,-97.7430608,"{'type': 'Point', 'coordinates': [-97.7430608, 30.267153]}",40,3420.0,network_hosting,0.5521296876,-0.0,0.17647058823529413,0.7286002758352942,20,4,0
1372,Optify,59.915256,10.7637668,"{'type': 'Point', 'coordinates': [10.7637668, 59.915256]}",45,10800.0,software,0.7089208024,-0.0,0.0196078431372549,0.7285286455372549,20,4,5
1159,Stratavia,41.119452,-74.115851,"{'type': 'Point', 'coordinates': [-74.115851, 41.119452]}",45,10700.0,software,0.7082107296,-0.0,0.0196078431372549,0.7278185727372549,2,0,0
746,Inuvo,-27.621592,152.778976,"{'type': 'Point', 'coordinates': [152.778976, -27.621592]}",50,4200.0,advertising,0.7075865595,-0.0,0.0196078431372549,0.727194402637255,2,0,0
429,Ladies Who Launch,40.743563,-73.993274,"{'type': 'Point', 'coordinates': [-73.993274, 40.743563]}",12,0.0,public_relations,0.0203552721,-0.0,0.7058823529411765,0.7262376250411765,20,12,17
1590,drchrono,31.2366983,121.4137257,"{'type': 'Point', 'coordinates': [121.4137257, 31.2366983]}",50,4130.0,medical,0.7061610867,-0.0,0.0196078431372549,0.7257689298372549,17,0,4
1153,AutoClaims Direct,40.7429533,-73.9844611,"{'type': 'Point', 'coordinates': [-73.9844611, 40.7429533]}",34,0.0,software,0.0576732709,-0.0,0.6666666666666666,0.7243399375666666,20,15,10
457,Firefly Energy,59.437214,24.768664,"{'type': 'Point', 'coordinates': [24.768664, 59.437214]}",40,31000.0,cleantech,0.7016966073,-0.0,0.0196078431372549,0.721304450437255,20,0,0
918,India Movers Packers,40.7537339,-73.980737,"{'type': 'Point', 'coordinates': [-73.980737, 40.7537339]}",30,0.0,other,0.0508881802,-0.0,0.6666666666666666,0.7175548468666666,20,12,16
1256,Mobifusion,-33.890832,151.24502,"{'type': 'Point', 'coordinates': [151.24502, -33.890832]}",51,3100.0,mobile,0.6954667534,-0.0,0.0196078431372549,0.7150745965372549,20,17,0
318,Techrigy,40.7455579,-73.9823449,"{'type': 'Point', 'coordinates': [-73.9823449, 40.7455579]}",15,0.0,web,0.0254440901,-0.0,0.6862745098039216,0.7117185999039216,20,11,11
175,Inform Technologies,37.800356,-122.402609,"{'type': 'Point', 'coordinates': [-122.402609, 37.800356]}",26,29300.0,web,0.4536153942,-0.0,0.2549019607843137,0.7085173549843138,20,3,1
87,AdReady,47.620716,-122.347533,"{'type': 'Point', 'coordinates': [-122.347533, 47.620716]}",33,17800.0,advertising,0.5478442923,-0.0,0.1568627450980392,0.7047070373980392,20,8,0
860,VIrtualVu,40.743165,-73.990853,"{'type': 'Point', 'coordinates': [-73.990853, 40.743165]}",10,0.0,web,0.0169627267,-0.0,0.6862745098039216,0.7032372365039216,20,14,16
125,WAYN,47.615313,-122.323408,"{'type': 'Point', 'coordinates': [-122.323408, 47.615313]}",42,11000.0,network_hosting,0.6629666715,-0.0,0.0392156862745098,0.7021823577745098,20,8,0
2,Wetpaint,40.7237306,-73.9964312,"{'type': 'Point', 'coordinates': [-73.9964312, 40.7237306]}",47,39800.0,web,0.8444151273,-0.4,0.2549019607843137,0.6993170880843137,20,5,18
9,Jingle Networks,37.480999,-122.173887,"{'type': 'Point', 'coordinates': [-122.173887, 37.480999]}",35,88700.0,mobile,0.6763981109,-0.0,0.0196078431372549,0.696005954037255,1,0,0
484,CrestaTech,33.465063,-111.926112,"{'type': 'Point', 'coordinates': [-111.926112, 33.465063]}",40,20900.0,software,0.6749471984,-0.0,0.0196078431372549,0.6945550415372549,10,1,0
1204,Efebege,40.752224,-73.99211,"{'type': 'Point', 'coordinates': [-73.99211, 40.752224]}",15,0.0,consulting,0.0254440901,-0.0,0.6666666666666666,0.6921107567666667,20,7,15
345,TechAnts,37.78054,-122.396818,"{'type': 'Point', 'coordinates': [-122.396818, 37.78054]}",13,0.0,software,0.0220515448,-0.0,0.6666666666666666,0.6887182114666667,20,4,0
149,Bungee Labs,38.9892639,-77.0978424,"{'type': 'Point', 'coordinates': [-77.0978424, 38.9892639]}",38,23500.0,software,0.6487576627,-0.0,0.0392156862745098,0.6879733489745098,20,1,1
92,BitGravity,39.613859,-104.894986,"{'type': 'Point', 'coordinates': [-104.894986, 39.613859]}",50,2500.0,network_hosting,0.6635857727,-0.0,0.0196078431372549,0.6831936158372549,16,0,0
1515,Trackset,40.73998,-73.9907472,"{'type': 'Point', 'coordinates': [-73.9907472, 40.73998]}",30,0.0,software,0.0508881802,-0.0,0.6274509803921569,0.6783391605921568,20,12,14
103,LucidEra,42.38941,-71.146011,"{'type': 'Point', 'coordinates': [-71.146011, 42.38941]}",40,15600.0,enterprise,0.6551022842,-0.0,0.0196078431372549,0.674710127337255,0,1,1
91,JibJab,37.838225,-122.296411,"{'type': 'Point', 'coordinates': [-122.296411, 37.838225]}",37,17900.0,web,0.6146012703,-0.0,0.058823529411764705,0.6734247997117647,11,3,0
549,mmCHANNEL,17.385044,78.486671,"{'type': 'Point', 'coordinates': [78.486671, 17.385044]}",50,2218.76,other,0.6534639227,-0.0,0.0196078431372549,0.6730717658372549,19,4,2
622,db4objects,40.740441,-73.993376,"{'type': 'Point', 'coordinates': [-73.993376, 40.740441]}",50,0.0,mobile,0.0848136337,-0.0,0.5882352941176471,0.673048927817647,20,8,14
1381,Simulmedia,42.409853,-71.256461,"{'type': 'Point', 'coordinates': [-71.256461, 42.409853]}",35,57300.0,advertising,0.6504560387,-0.0,0.0196078431372549,0.670063881837255,0,0,0
449,SquareClock,40.754211,-73.97917,"{'type': 'Point', 'coordinates': [-73.97917, 40.754211]}",10,1250.0,web,0.1209594883,-0.0,0.5490196078431373,0.6699790961431373,20,14,16
1555,Busca Corp,49.198812,-122.845783,"{'type': 'Point', 'coordinates': [-122.845783, 49.198812]}",45,5000.0,games_video,0.6501366934,-0.0,0.0196078431372549,0.669744536537255,2,3,1
1546,FTRANS,40.364045,-74.651262,"{'type': 'Point', 'coordinates': [-74.651262, 40.364045]}",40,14100.0,software,0.648242821,-0.0,0.0196078431372549,0.6678506641372549,0,0,0
1237,TRAFFIQ,47.6023367,-122.2850112,"{'type': 'Point', 'coordinates': [-122.2850112, 47.6023367]}",39,18000.0,advertising,0.6481915111,-0.0,0.0196078431372549,0.6677993542372549,3,0,0
207,Krillion,40.7387945,-73.9939213,"{'type': 'Point', 'coordinates': [-73.9939213, 40.7387945]}",10,9650.0,web,0.1556281529,-0.0,0.5098039215686274,0.6654320744686274,20,2,16
728,GreenLogic India Tecnologies,40.740512,-73.987794,"{'type': 'Point', 'coordinates': [-73.987794, 40.740512]}",10,0.0,advertising,0.0169627267,-0.0,0.6470588235294118,0.6640215502294118,20,15,13
706,MetaPack,30.2729209,-97.7443863,"{'type': 'Point', 'coordinates': [-97.7443863, 30.2729209]}",30,20500.0,software,0.5052270217,-0.0,0.1568627450980392,0.6620897667980392,20,4,0
403,gate5,33.827405,-118.33433,"{'type': 'Point', 'coordinates': [-118.33433, 33.827405]}",40,12757.85,mobile,0.6414558285,-0.0,0.0196078431372549,0.661063671637255,1,0,0
1012,Verix,59.4064174,17.9348818,"{'type': 'Point', 'coordinates': [17.9348818, 59.4064174]}",40,12700.0,software,0.6411474614,-0.0,0.0196078431372549,0.660755304537255,5,0,2
858,AMF Ventures,37.781262,-122.394958,"{'type': 'Point', 'coordinates': [-122.394958, 37.781262]}",18,0.0,consulting,0.0305329081,-0.0,0.6274509803921569,0.6579838884921568,20,5,0
1621,SensorLogic,40.045238,-76.362583,"{'type': 'Point', 'coordinates': [-76.362583, 40.045238]}",38,19000.0,enterprise,0.6350563004,-0.0,0.0196078431372549,0.654664143537255,3,0,0
291,Mirror42,40.754698,-73.992152,"{'type': 'Point', 'coordinates': [-73.992152, 40.754698]}",15,1200.0,software,0.180400554,-0.0,0.47058823529411764,0.6509887892941176,20,10,14
359,Dezide,37.781264,-122.391515,"{'type': 'Point', 'coordinates': [-122.391515, 37.781264]}",12,350.0,software,0.1192398233,-0.0,0.5294117647058824,0.6486515880058824,20,3,0
1380,Cognitive Match,-31.97822,115.89084,"{'type': 'Point', 'coordinates': [115.89084, -31.97822]}",40,10200.0,advertising,0.6262735741,-0.0,0.0196078431372549,0.6458814172372549,6,0,0
122,Livemocha,49.285173,-123.095238,"{'type': 'Point', 'coordinates': [-123.095238, 49.285173]}",35,19400.0,education,0.5861571869,-0.0,0.058823529411764705,0.6449807163117647,20,0,0
906,North Storm Media Networks,40.748634,-73.994203,"{'type': 'Point', 'coordinates': [-73.994203, 40.748634]}",10,0.0,network_hosting,0.0169627267,-0.0,0.6274509803921569,0.6444137070921568,20,5,13
804,302designs,40.740145,-73.985207,"{'type': 'Point', 'coordinates': [-73.985207, 40.740145]}",10,0.0,other,0.0169627267,-0.0,0.6274509803921569,0.6444137070921568,20,16,10
216,OneSwirl,40.73993,-73.9930489,"{'type': 'Point', 'coordinates': [-73.9930489, 40.73993]}",20,0.0,web,0.0339254535,-0.0,0.6078431372549019,0.6417685907549019,20,7,14
1516,Trackset,37.782862,-122.392342,"{'type': 'Point', 'coordinates': [-122.392342, 37.782862]}",30,0.0,software,0.0508881802,-0.0,0.5882352941176471,0.639123474317647,20,4,0
1130,EcoVadis,42.2557234,-71.8488194,"{'type': 'Point', 'coordinates': [-71.8488194, 42.2557234]}",50,1400.0,cleantech,0.6144092592,-0.0,0.0196078431372549,0.634017102337255,0,0,0
645,Terapeak,36.13996,-86.796377,"{'type': 'Point', 'coordinates': [-86.796377, 36.13996]}",44,3757.19,ecommerce,0.6143607379,-0.0,0.0196078431372549,0.633968581037255,16,0,0
34,GoingOn,35.612679,-97.5736,"{'type': 'Point', 'coordinates': [-97.5736, 35.612679]}",40,8500.0,software,0.6139028911,-0.0,0.0196078431372549,0.6335107342372549,7,0,0
562,AdScale,38.802365,-77.046498,"{'type': 'Point', 'coordinates': [-77.046498, 38.802365]}",40,6150.0,advertising,0.5919453822,-0.0,0.0392156862745098,0.6311610684745098,20,0,0
1139,mydeco,51.5123833,-0.1158832,"{'type': 'Point', 'coordinates': [-0.1158832, 51.5123833]}",35,15310.65,web,0.5721029673,-0.0,0.058823529411764705,0.6309264967117647,20,16,8
1046,expressor software,48.8545738,2.3216223,"{'type': 'Point', 'coordinates': [2.3216223, 48.8545738]}",35,29100.0,software,0.6102294653,-0.0,0.0196078431372549,0.6298373084372549,20,12,14
1485,tracx,28.031821,-82.504803,"{'type': 'Point', 'coordinates': [-82.504803, 28.031821]}",40,7900.0,analytics,0.6089359738,-0.0,0.0196078431372549,0.6285438169372549,6,0,0
1486,tracx,40.458178,-3.6845894,"{'type': 'Point', 'coordinates': [-3.6845894, 40.458178]}",40,7900.0,analytics,0.6089359738,-0.0,0.0196078431372549,0.6285438169372549,20,6,4
714,VideoSurf,34.1030032,-118.4104684,"{'type': 'Point', 'coordinates': [-118.4104684, 34.1030032]}",35,28000.0,hardware,0.6079417393,-0.0,0.0196078431372549,0.6275495824372549,0,0,0
1116,Webzzle,37.785271,-122.397582,"{'type': 'Point', 'coordinates': [-122.397582, 37.785271]}",10,0.0,web,0.0169627267,-0.4,1.0,0.6169627267,20,20,3
121,4Home,34.096359,-118.371279,"{'type': 'Point', 'coordinates': [-118.371279, 34.096359]}",36,9150.0,software,0.5570124025,-0.0,0.058823529411764705,0.6158359319117647,20,0,0
1405,BioVex,37.382162,-122.036301,"{'type': 'Point', 'coordinates': [-122.036301, 37.382162]}",29,122000.0,biotech,0.5761246183,-0.0,0.0392156862745098,0.6153403045745097,15,1,0
1718,Copybook Solutions,40.756054,-73.986951,"{'type': 'Point', 'coordinates': [-73.986951, 40.756054]}",50,0.0,advertising,0.0848136337,-0.0,0.5294117647058824,0.6142253984058823,20,6,16
348,Squace,40.740162,-73.993367,"{'type': 'Point', 'coordinates': [-73.993367, 40.740162]}",15,0.0,mobile,0.0254440901,-0.0,0.5882352941176471,0.6136793842176471,20,7,14
183,ModiFace,37.391727,-122.077597,"{'type': 'Point', 'coordinates': [-122.077597, 37.391727]}",35,4250.0,analytics,0.496013198,-0.0,0.11764705882352941,0.6136602568235294,19,5,0
44,Techstars,37.491356,-122.228843,"{'type': 'Point', 'coordinates': [-122.228843, 37.491356]}",30,34000.0,finance,0.5309731657,-0.0,0.0784313725490196,0.6094045382490196,20,0,0
579,ArtistForce,40.741179,-73.993182,"{'type': 'Point', 'coordinates': [-73.993182, 40.741179]}",12,0.0,software,0.0203552721,-0.0,0.5882352941176471,0.6085905662176471,20,10,14
1607,SkyFuel,26.1379914,-80.4176542,"{'type': 'Point', 'coordinates': [-80.4176542, 26.1379914]}",35,17000.0,cleantech,0.5783168615,-0.0,0.0196078431372549,0.5979247046372549,1,0,0
559,StoneFly,37.781689,-122.391061,"{'type': 'Point', 'coordinates': [-122.391061, 37.781689]}",50,0.0,hardware,0.0848136337,-0.0,0.5098039215686274,0.5946175552686275,20,2,0
1033,Webedia,40.7543489,-73.9789451,"{'type': 'Point', 'coordinates': [-73.9789451, 40.7543489]}",50,0.0,web,0.0848136337,-0.0,0.5098039215686274,0.5946175552686275,20,14,16
662,Purewire,26.120726,-80.3728937,"{'type': 'Point', 'coordinates': [-80.3728937, 26.120726]}",40,4750.0,enterprise,0.5744189865,-0.0,0.0196078431372549,0.594026829637255,0,0,0
77,OneRiot,55.378051,-3.435973,"{'type': 'Point', 'coordinates': [-3.435973, 55.378051]}",32,27300.0,advertising,0.5544581784,-0.0,0.0392156862745098,0.5936738646745098,2,0,0
1667,InteliCloud,37.383777,-121.963705,"{'type': 'Point', 'coordinates': [-121.963705, 37.383777]}",40,3420.0,network_hosting,0.5521296876,-0.0,0.0392156862745098,0.5913453738745098,1,0,0
1443,Calient Technologies,42.3622154,-71.2008408,"{'type': 'Point', 'coordinates': [-71.2008408, 42.3622154]}",30,51400.0,network_hosting,0.5520041131,-0.0,0.0392156862745098,0.5912197993745097,2,0,0
1141,CrossTech Partners,37.7870923,-122.3999719,"{'type': 'Point', 'coordinates': [-122.3999719, 37.7870923]}",50,0.0,enterprise,0.0848136337,-0.4,0.9019607843137255,0.5867744180137255,20,20,3
855,Apaja,42.431652,-71.455658,"{'type': 'Point', 'coordinates': [-71.455658, 42.431652]}",44,1941.41,games_video,0.5650818111,-0.0,0.0196078431372549,0.5846896542372549,4,0,0
64,Fotolog,50.796645,4.400604,"{'type': 'Point', 'coordinates': [4.400604, 50.796645]}",40,4000.0,network_hosting,0.5627587907,-0.0,0.0196078431372549,0.582366633837255,2,0,0
154,Snap Technologies,-33.884685,151.216427,"{'type': 'Point', 'coordinates': [151.216427, -33.884685]}",32,10000.0,web,0.4999439583,-0.0,0.0784313725490196,0.5783753308490196,20,5,0
96,Evi,37.7749295,-122.4194155,"{'type': 'Point', 'coordinates': [-122.4194155, 37.7749295]}",25,3184.62,search,0.3420571273,-0.0,0.23529411764705882,0.5773512449470588,20,11,1
1335,dsignz media,40.738567,-73.987199,"{'type': 'Point', 'coordinates': [-73.987199, 40.738567]}",25,0.0,web,0.0424068169,-0.0,0.5294117647058824,0.5718185816058824,20,13,14
1096,NetCitadel,40.756054,-73.986951,"{'type': 'Point', 'coordinates': [-73.986951, 40.756054]}",25,0.0,security,0.0424068169,-0.0,0.5294117647058824,0.5718185816058824,20,6,16
1451,Owlient,41.9442565,12.5300957,"{'type': 'Point', 'coordinates': [12.5300957, 41.9442565]}",40,3328.13,games_video,0.5502821097,-0.0,0.0196078431372549,0.569889952837255,20,0,2
1446,Owlient,37.5672167,15.0656891,"{'type': 'Point', 'coordinates': [15.0656891, 37.5672167]}",40,3328.13,games_video,0.5502821097,-0.0,0.0196078431372549,0.569889952837255,19,0,0
387,Dotmenu,40.753877,-73.991512,"{'type': 'Point', 'coordinates': [-73.991512, 40.753877]}",35,0.0,web,0.0593695436,-0.0,0.5098039215686274,0.5691734651686274,20,9,14
353,Smarkets,37.790346,-122.40185,"{'type': 'Point', 'coordinates': [-122.40185, 37.790346]}",15,2710.0,sports,0.2011279988,-0.4,0.7647058823529411,0.5658338811529411,20,20,3
745,Spectrum Bridge,32.800325,-96.820064,"{'type': 'Point', 'coordinates': [-96.820064, 32.800325]}",32,23300.0,network_hosting,0.5458583016,-0.0,0.0196078431372549,0.565466144737255,20,0,0
104,Mogreet,32.0554,34.7595,"{'type': 'Point', 'coordinates': [34.7595, 32.0554]}",30,14000.0,mobile,0.4858199207,-0.0,0.0784313725490196,0.5642512932490196,20,0,0
950,Solid State Group,40.756054,-73.986951,"{'type': 'Point', 'coordinates': [-73.986951, 40.756054]}",18,0.0,web,0.0305329081,-0.0,0.5294117647058824,0.5599446728058823,20,6,16
774,Pathable,37.7875973,-122.4035368,"{'type': 'Point', 'coordinates': [-122.4035368, 37.7875973]}",18,314.0,network_hosting,0.1755456879,-0.4,0.7843137254901961,0.5598594133901961,20,18,3
974,SynapSense,40.7283696,-73.9923918,"{'type': 'Point', 'coordinates': [-73.9923918, 40.7283696]}",20,43500.0,network_hosting,0.3623413562,-0.0,0.19607843137254902,0.5584197875725491,20,2,12
1014,Three Melons,37.770067,-122.407603,"{'type': 'Point', 'coordinates': [-122.407603, 37.770067]}",35,600.0,other,0.3797827942,-0.0,0.17647058823529413,0.5562533824352941,20,3,0
1501,Objectivity,37.779868,-122.392343,"{'type': 'Point', 'coordinates': [-122.392343, 37.779868]}",50,0.0,software,0.0848136337,-0.0,0.47058823529411764,0.5554018689941176,20,4,0
1557,edelight,40.756054,-73.986951,"{'type': 'Point', 'coordinates': [-73.986951, 40.756054]}",15,0.0,ecommerce,0.0254440901,-0.0,0.5294117647058824,0.5548558548058824,20,6,16
1340,Frosmo,40.756054,-73.986951,"{'type': 'Point', 'coordinates': [-73.986951, 40.756054]}",15,0.0,ecommerce,0.0254440901,-0.0,0.5294117647058824,0.5548558548058824,20,6,16
757,Inadco,48.8691369,2.3602202,"{'type': 'Point', 'coordinates': [2.3602202, 48.8691369]}",30,17000.0,advertising,0.495700167,-0.0,0.058823529411764705,0.5545236964117647,20,14,13
331,Jinni,26.119403,-80.143394,"{'type': 'Point', 'coordinates': [-80.143394, 26.119403]}",35,8100.0,games_video,0.5343032929,-0.0,0.0196078431372549,0.553911136037255,20,16,0
1017,Intelligent Software Company,40.7543489,-73.9789451,"{'type': 'Point', 'coordinates': [-73.9789451, 40.7543489]}",25,0.0,software,0.0424068169,-0.0,0.5098039215686274,0.5522107384686274,20,14,16
1444,tolingo,47.6008008,-122.3342585,"{'type': 'Point', 'coordinates': [-122.3342585, 47.6008008]}",40,600.0,messaging,0.434037479,-0.0,0.11764705882352941,0.5516845378235294,20,11,0
354,Futurlink,45.539065,-73.609532,"{'type': 'Point', 'coordinates': [-73.609532, 45.539065]}",35,7620.0,mobile,0.5306765446,-0.0,0.0196078431372549,0.550284387737255,20,10,4
63,PixSense,40.357978,-111.777531,"{'type': 'Point', 'coordinates': [-111.777531, 40.357978]}",35,7400.0,mobile,0.5289372325,-0.0,0.0196078431372549,0.548545075637255,0,0,0
223,Liftopia,47.634741,-122.340435,"{'type': 'Point', 'coordinates': [-122.340435, 47.634741]}",35,7300.0,ecommerce,0.5281294711,-0.0,0.0196078431372549,0.5477373142372549,6,0,0
123,Widgetbox,37.377624,-122.113773,"{'type': 'Point', 'coordinates': [-122.113773, 37.377624]}",30,14500.0,other,0.4876056541,-0.0,0.058823529411764705,0.5464291835117647,6,0,0
450,ScreenScape Networks,47.617732,-122.357317,"{'type': 'Point', 'coordinates': [-122.357317, 47.617732]}",29,4000.0,advertising,0.4080001232,-0.0,0.13725490196078433,0.5452550251607844,20,1,0
1190,Asoka,55.677733,12.5703398,"{'type': 'Point', 'coordinates': [12.5703398, 55.677733]}",35,7000.0,hardware,0.5256380758,-0.0,0.0196078431372549,0.5452459189372549,20,9,5
1242,burrp!,34.1078241,-118.7526699,"{'type': 'Point', 'coordinates': [-118.7526699, 34.1078241]}",40,2150.0,web,0.5206351483,-0.0,0.0196078431372549,0.540242991437255,0,0,0
1241,burrp!,51.2057495,4.3904302,"{'type': 'Point', 'coordinates': [4.3904302, 51.2057495]}",40,2150.0,web,0.5206351483,-0.0,0.0196078431372549,0.540242991437255,20,0,0
421,Limbo,28.642933,77.181639,"{'type': 'Point', 'coordinates': [77.181639, 28.642933]}",30,27100.0,mobile,0.5194303627,-0.0,0.0196078431372549,0.5390382058372549,20,3,2
11,SodaHead,47.620982,-122.359397,"{'type': 'Point', 'coordinates': [-122.359397, 47.620982]}",25,12700.0,web,0.4007171634,-0.0,0.13725490196078433,0.5379720653607843,20,0,0
258,Kudzu,40.759243,-73.98459,"{'type': 'Point', 'coordinates': [-73.98459, 40.759243]}",50,0.0,web,0.0848136337,-0.0,0.45098039215686275,0.5357940258568628,20,3,16
71,GENWI,51.519819,-0.136174,"{'type': 'Point', 'coordinates': [-0.136174, 51.519819]}",25,7100.0,mobile,0.3760572936,-0.0,0.1568627450980392,0.5329200386980393,20,7,9
432,Intelliworks,33.445096,-111.9600942,"{'type': 'Point', 'coordinates': [-111.9600942, 33.445096]}",30,24000.0,enterprise,0.5132484718,-0.0,0.0196078431372549,0.5328563149372549,3,0,0
433,Intelliworks,40.775856,-73.424227,"{'type': 'Point', 'coordinates': [-73.424227, 40.775856]}",30,24000.0,enterprise,0.5132484718,-0.0,0.0196078431372549,0.5328563149372549,2,0,0
361,Sometrics,34.0748,-118.288536,"{'type': 'Point', 'coordinates': [-118.288536, 34.0748]}",35,5550.0,games_video,0.5118576791,-0.0,0.0196078431372549,0.531465522237255,11,1,1
235,Zemanta,52.197471,0.130588,"{'type': 'Point', 'coordinates': [0.130588, 52.197471]}",30,7350.0,web,0.4530297648,-0.0,0.0784313725490196,0.5314611373490197,20,2,0
68,Mozy,41.890376,-87.63406,"{'type': 'Point', 'coordinates': [-87.63406, 41.890376]}",26,1900.0,public_relations,0.332961089,-0.0,0.19607843137254902,0.529039520372549,20,20,10
110,Uversity,51.500152,-0.126236,"{'type': 'Point', 'coordinates': [-0.126236, 51.500152]}",30,10200.0,social,0.4697051806,-0.0,0.058823529411764705,0.5285287100117647,20,14,6
210,Gnip,56.879635,24.603189,"{'type': 'Point', 'coordinates': [24.603189, 56.879635]}",34,6640.0,enterprise,0.507574801,-0.0,0.0196078431372549,0.5271826441372549,0,0,0
1025,Extanz,40.7543489,-73.9789451,"{'type': 'Point', 'coordinates': [-73.9789451, 40.7543489]}",10,0.0,public_relations,0.0169627267,-0.0,0.5098039215686274,0.5267666482686274,20,14,16
242,Berkeley Design Automation,34.044939,-118.419067,"{'type': 'Point', 'coordinates': [-118.419067, 34.044939]}",30,20300.0,software,0.504728114,-0.0,0.0196078431372549,0.5243359571372549,1,1,0
1457,BlitzLocal,37.444531,-122.163352,"{'type': 'Point', 'coordinates': [-122.163352, 37.444531]}",40,125.0,advertising,0.3276054663,-0.0,0.19607843137254902,0.523683897672549,20,6,0
870,Siri,51.5246619,-0.0830772,"{'type': 'Point', 'coordinates': [-0.0830772, 51.5246619]}",19,24000.0,software,0.3250573655,-0.0,0.19607843137254902,0.521135796872549,20,20,3
293,Podbean LLC,37.787204,-122.397884,"{'type': 'Point', 'coordinates': [-122.397884, 37.787204]}",10,0.0,games_video,0.0169627267,-0.4,0.9019607843137255,0.5189235110137255,20,20,3
300,Fog Creek Software,37.777513,-122.397044,"{'type': 'Point', 'coordinates': [-122.397044, 37.777513]}",40,0.0,software,0.067850907,-0.0,0.45098039215686275,0.5188312991568628,20,5,0
1717,Singulex,-33.815217,151.002324,"{'type': 'Point', 'coordinates': [151.002324, -33.815217]}",25,127000.0,biotech,0.4983624677,-0.0,0.0196078431372549,0.5179703108372549,20,9,0
317,KnowledgeTree,34.155869,-118.335292,"{'type': 'Point', 'coordinates': [-118.335292, 34.155869]}",33,6950.0,software,0.4952003438,-0.0,0.0196078431372549,0.5148081869372549,8,3,0
46,Scrybe,37.794649,-122.399646,"{'type': 'Point', 'coordinates': [-122.399646, 37.794649]}",20,1310.0,enterprise,0.2435095235,-0.4,0.6666666666666666,0.5101761901666666,20,17,2
155,Three Rings,37.386376,-121.991471,"{'type': 'Point', 'coordinates': [-121.991471, 37.386376]}",30,7000.0,web,0.4505469221,-0.0,0.058823529411764705,0.5093704515117647,5,0,0
878,Formspring,37.781386,-122.421406,"{'type': 'Point', 'coordinates': [-122.421406, 37.781386]}",19,14300.0,web,0.3083692796,-0.0,0.19607843137254902,0.504447710972549,20,18,1
43,boo-box,38.0729365,-122.1879633,"{'type': 'Point', 'coordinates': [-122.1879633, 38.0729365]}",50,300.0,advertising,0.4837585177,-0.0,0.0196078431372549,0.503366360837255,0,0,0
26,iLike,37.451958,-122.116026,"{'type': 'Point', 'coordinates': [-122.116026, 37.451958]}",28,16500.0,games_video,0.4612356038,-0.0,0.0392156862745098,0.5004512900745098,0,0,0
779,Brick Marketing,37.782163,-122.400591,"{'type': 'Point', 'coordinates': [-122.400591, 37.782163]}",10,0.0,search,0.0169627267,-0.4,0.8823529411764706,0.4993156678764705,20,7,2
1617,Glympse,51.5246619,-0.0830772,"{'type': 'Point', 'coordinates': [-0.0830772, 51.5246619]}",20,7500.0,messaging,0.3027052292,-0.0,0.19607843137254902,0.49878366057254897,20,20,3
81,Fixya,49.25403,-123.115208,"{'type': 'Point', 'coordinates': [-123.115208, 49.25403]}",30,8000.0,web,0.4573420917,-0.0,0.0392156862745098,0.49655777797450984,2,0,2
40,Vuze,47.61968,-122.356756,"{'type': 'Point', 'coordinates': [-122.356756, 47.61968]}",20,34000.0,games_video,0.3539821104,-0.0,0.13725490196078433,0.4912370123607843,20,1,0
744,Geodelic Systems,30.0314279,-95.5302337,"{'type': 'Point', 'coordinates': [-95.5302337, 30.0314279]}",30,10500.0,mobile,0.4711803036,-0.0,0.0196078431372549,0.4907881467372549,1,0,0
1657,CorrectNet,55.647916,37.5289023,"{'type': 'Point', 'coordinates': [37.5289023, 55.647916]}",34,3370.0,analytics,0.4684608337,-0.0,0.0196078431372549,0.4880686768372549,20,1,1
389,iBiz Software,44.962697,-93.279911,"{'type': 'Point', 'coordinates': [-93.279911, 44.962697]}",50,250.0,consulting,0.468295164,-0.0,0.0196078431372549,0.4879030071372549,20,0,0
1140,Sysomos,52.4943074,13.434474,"{'type': 'Point', 'coordinates': [13.434474, 52.4943074]}",50,250.0,software,0.468295164,-0.0,0.0196078431372549,0.4879030071372549,20,4,3
1231,LoomTV,40.752078,-73.994785,"{'type': 'Point', 'coordinates': [-73.994785, 40.752078]}",10,0.0,games_video,0.0169627267,-0.0,0.47058823529411764,0.4875509619941176,20,6,14
663,magnify360,33.792535,-84.386384,"{'type': 'Point', 'coordinates': [-84.386384, 33.792535]}",35,2500.0,public_relations,0.4645100409,-0.0,0.0196078431372549,0.48411788403725486,20,3,1
1404,Atraverda,47.6209107,-122.361239,"{'type': 'Point', 'coordinates': [-122.361239, 47.6209107]}",24,20332.55,cleantech,0.4038477162,-0.0,0.0784313725490196,0.4822790887490196,20,0,0
799,Beau-coup Wedding Favors,37.77772,-122.395785,"{'type': 'Point', 'coordinates': [-122.395785, 37.77772]}",30,0.0,other,0.0508881802,-0.0,0.43137254901960786,0.4822607292196079,20,5,0
1436,Verisim,37.7726402,-122.4099154,"{'type': 'Point', 'coordinates': [-122.4099154, 37.7726402]}",12,1469.82,software,0.1484488666,-0.0,0.3333333333333333,0.4817821999333333,20,2,1
1093,Viigo,40.55007,-74.456689,"{'type': 'Point', 'coordinates': [-74.456689, 40.55007]}",30,5936.36,mobile,0.4421598376,-0.0,0.0392156862745098,0.48137552387450977,0,0,0
1358,Course Hero,45.519475,-122.675255,"{'type': 'Point', 'coordinates': [-122.675255, 45.519475]}",32,2380.0,education,0.4220248124,-0.0,0.058823529411764705,0.4808483418117647,20,7,0
445,PerfectBusiness,37.7878037,-122.4001578,"{'type': 'Point', 'coordinates': [-122.4001578, 37.7878037]}",10,0.0,web,0.0169627267,-0.4,0.8627450980392157,0.4797078247392157,20,20,3
250,Cellufun,52.5092995,13.3900596,"{'type': 'Point', 'coordinates': [13.3900596, 52.5092995]}",30,5230.0,games_video,0.435713075,-0.0,0.0392156862745098,0.4749287612745098,20,6,8
284,Logicalware,37.771208,-122.418129,"{'type': 'Point', 'coordinates': [-122.418129, 37.771208]}",20,367.46,software,0.2003845745,-0.0,0.27450980392156865,0.4748943784215687,20,9,1
1455,GameChanger Media,51.5211504,-0.1036021,"{'type': 'Point', 'coordinates': [-0.1036021, 51.5211504]}",20,3640.0,software,0.2781798628,-0.0,0.19607843137254902,0.47425829417254906,20,20,4
59,MocoSpace,37.387114,-121.973228,"{'type': 'Point', 'coordinates': [-121.973228, 37.387114]}",25,10500.0,games_video,0.392650253,-0.0,0.0784313725490196,0.4710816255490196,3,0,0
669,LockerDome,37.580093,-122.347745,"{'type': 'Point', 'coordinates': [-122.347745, 37.580093]}",27,8090.0,social,0.4121202486,-0.0,0.058823529411764705,0.47094377801176474,14,1,0
1356,Dealer Ignition,37.778551,-122.391686,"{'type': 'Point', 'coordinates': [-122.391686, 37.778551]}",10,100.0,advertising,0.0781162435,-0.0,0.39215686274509803,0.47027310624509805,20,3,0
13,Spock,34.155211,-118.756618,"{'type': 'Point', 'coordinates': [-118.756618, 34.155211]}",30,7000.0,search,0.4505469221,-0.0,0.0196078431372549,0.4701547652372549,4,0,0
363,Oriango,37.782101,-122.389519,"{'type': 'Point', 'coordinates': [-122.389519, 37.782101]}",10,0.0,search,0.0169627267,-0.0,0.45098039215686275,0.46794311885686274,20,2,0
66,Behance,33.8171,-111.9035,"{'type': 'Point', 'coordinates': [-111.9035, 33.8171]}",30,6500.0,web,0.4467757022,-0.0,0.0196078431372549,0.4663835453372549,1,0,0
1217,Zopim,37.4513629,-122.1842112,"{'type': 'Point', 'coordinates': [-122.1842112, 37.4513629]}",40,392.0,ecommerce,0.4051555317,-0.0,0.058823529411764705,0.46397906111176473,5,1,0
14,Farecast,37.418531,-122.025485,"{'type': 'Point', 'coordinates': [-122.025485, 37.418531]}",26,20600.0,search,0.4380780328,-0.0,0.0196078431372549,0.4576858759372549,0,0,0
247,Cellufun,59.3578896,18.0670108,"{'type': 'Point', 'coordinates': [18.0670108, 59.3578896]}",30,5230.0,games_video,0.435713075,-0.0,0.0196078431372549,0.4553209181372549,3,0,0
1285,Plastic Jungle,51.5119418,-0.0936688,"{'type': 'Point', 'coordinates': [-0.0936688, 51.5119418]}",22,23400.0,ecommerce,0.3754374027,-0.0,0.0784313725490196,0.4538687752490196,20,20,10
809,Lumenergi,38.911907,-77.215776,"{'type': 'Point', 'coordinates': [-77.215776, 38.911907]}",25,26400.0,cleantech,0.4317488612,-0.0,0.0196078431372549,0.4513567043372549,15,0,0
342,Memopal,37.785792,-122.405081,"{'type': 'Point', 'coordinates': [-122.405081, 37.785792]}",12,1000.0,network_hosting,0.1406092383,-0.4,0.7058823529411765,0.4464915912411765,20,20,2
1554,Milo,40.707954,-74.011114,"{'type': 'Point', 'coordinates': [-74.011114, 40.707954]}",20,4950.0,web,0.2886086793,-0.0,0.1568627450980392,0.4454714243980392,20,3,20
1386,Interfolio,35.911733,-78.900103,"{'type': 'Point', 'coordinates': [-78.900103, 35.911733]}",35,926.0,education,0.4055458858,-0.0,0.0392156862745098,0.44476157207450984,1,0,0
1344,Pliant Technology,39.9511019,-75.197882,"{'type': 'Point', 'coordinates': [-75.197882, 39.9511019]}",22,50300.0,enterprise,0.4039957124,-0.0,0.0392156862745098,0.44321139867450976,16,0,2
332,Citizen Sports,53.34202,-6.250684,"{'type': 'Point', 'coordinates': [-6.250684, 53.34202]}",27,10000.0,games_video,0.4218277148,-0.0,0.0196078431372549,0.44143555793725486,20,7,0
227,Mytopia,-37.813603,144.96616,"{'type': 'Point', 'coordinates': [144.96616, -37.813603]}",29,3500.0,games_video,0.4014314593,-0.0,0.0392156862745098,0.4406471455745098,20,3,1
1620,QD Vision,43.707147,-79.3963858,"{'type': 'Point', 'coordinates': [-79.3963858, 43.707147]}",21,78000.0,nanotech,0.4012596558,-0.0,0.0392156862745098,0.4404753420745098,20,8,1
260,Austhink Software,40.743264,-73.923427,"{'type': 'Point', 'coordinates': [-73.923427, 40.743264]}",30,3770.0,software,0.4190555276,-0.0,0.0196078431372549,0.43866337073725487,20,0,4
113,Flixwagon,37.7891288,-122.4020276,"{'type': 'Point', 'coordinates': [-122.4020276, 37.7891288]}",10,2500.0,mobile,0.1327171545,-0.4,0.7058823529411765,0.4385995074411765,20,20,3
61,Daylife,44.865243,-93.4094629,"{'type': 'Point', 'coordinates': [-93.4094629, 44.865243]}",25,12300.0,enterprise,0.3993600294,-0.0,0.0392156862745098,0.4385757156745098,0,0,0
84,Rupture,52.523402,13.398694,"{'type': 'Point', 'coordinates': [13.398694, 52.523402]}",25,3000.0,games_video,0.3395245632,-0.0,0.09803921568627451,0.4375637788862745,20,3,5
1168,Symplified,-33.871118,150.8705,"{'type': 'Point', 'coordinates': [150.8705, -33.871118]}",23,44300.0,enterprise,0.4174035455,-0.0,0.0196078431372549,0.43701138863725486,0,0,0
1521,IMASTE,47.6220245,-122.3350847,"{'type': 'Point', 'coordinates': [-122.3350847, 47.6220245]}",30,776.56,enterprise,0.338654423,-0.0,0.09803921568627451,0.4366936386862745,20,1,0
184,Bleacher Report,37.512318,-122.200914,"{'type': 'Point', 'coordinates': [-122.200914, 37.512318]}",22,40500.0,sports,0.3959087863,-0.0,0.0392156862745098,0.4351244725745098,0,0,0
717,Burt,-38.37331,144.817624,"{'type': 'Point', 'coordinates': [144.817624, -38.37331]}",30,3500.0,advertising,0.4152739234,-0.0,0.0196078431372549,0.4348817665372549,4,0,0
713,Burt,-33.83639,151.21085,"{'type': 'Point', 'coordinates': [151.21085, -33.83639]}",30,3500.0,advertising,0.4152739234,-0.0,0.0196078431372549,0.4348817665372549,20,2,0
1292,Plastic Jungle,37.380653,-122.1156934,"{'type': 'Point', 'coordinates': [-122.1156934, 37.380653]}",22,23400.0,ecommerce,0.3754374027,-0.0,0.058823529411764705,0.4342609321117647,6,0,0
423,Cosential,32.842958,-117.271461,"{'type': 'Point', 'coordinates': [-117.271461, 32.842958]}",40,250.0,software,0.3746361312,-0.0,0.058823529411764705,0.4334596606117647,20,0,0
1106,op5,37.3694441,-121.9662996,"{'type': 'Point', 'coordinates': [-121.9662996, 37.3694441]}",30,2173.48,software,0.3910290948,-0.0,0.0392156862745098,0.4302447810745098,0,1,0
162,LibraryThing,37.776467,-122.395792,"{'type': 'Point', 'coordinates': [-122.395792, 37.776467]}",10,0.0,web,0.0169627267,-0.0,0.4117647058823529,0.4287274325823529,20,3,0
883,AdECN,18.4939663,73.8127667,"{'type': 'Point', 'coordinates': [73.8127667, 18.4939663]}",30,3100.0,advertising,0.4090980903,-0.0,0.0196078431372549,0.4287059334372549,14,0,0
570,Truviso,39.6096799,-119.7194377,"{'type': 'Point', 'coordinates': [-119.7194377, 39.6096799]}",30,3000.0,analytics,0.4074294758,-0.0,0.0196078431372549,0.4270373189372549,0,0,0
55,Aniboom,35.6725213,139.7326754,"{'type': 'Point', 'coordinates': [139.7326754, 35.6725213]}",25,14500.0,games_video,0.4063380451,-0.0,0.0196078431372549,0.4259458882372549,20,0,8
1392,iPharro Media,40.7615818,-73.970624,"{'type': 'Point', 'coordinates': [-73.970624, 40.7615818]}",17,5180.0,software,0.2466270647,-0.0,0.17647058823529413,0.4230976529352941,20,7,12
145,Craigslist,43.65467,-70.262434,"{'type': 'Point', 'coordinates': [-70.262434, 43.65467]}",25,13500.0,web,0.4033076979,-0.0,0.0196078431372549,0.42291554103725487,20,0,0
651,SkyGrid,43.0530176,-85.5950353,"{'type': 'Point', 'coordinates': [-85.5950353, 43.0530176]}",25,13300.0,web,0.4026747486,-0.0,0.0196078431372549,0.4222825917372549,0,0,0
377,Fliqz,55.169438,23.881275,"{'type': 'Point', 'coordinates': [23.881275, 55.169438]}",25,12200.0,games_video,0.3990138494,-0.0,0.0196078431372549,0.4186216925372549,0,0,0
1374,Viridity Software,34.051508,-118.262233,"{'type': 'Point', 'coordinates': [-118.262233, 34.051508]}",22,15000.0,software,0.3588426178,-0.0,0.058823529411764705,0.4176661472117647,20,6,1
981,Rollstream,34.420316,-119.688412,"{'type': 'Point', 'coordinates': [-119.688412, 34.420316]}",25,7500.0,software,0.3783815365,-0.0,0.0392156862745098,0.41759722277450984,20,0,0
107,Seeqpod,37.402802,-122.117418,"{'type': 'Point', 'coordinates': [-122.117418, 37.402802]}",25,7000.0,search,0.3754557684,-0.0,0.0392156862745098,0.41467145467450983,6,5,0
1189,Extreme Enterprises,51.5312232,-0.1033237,"{'type': 'Point', 'coordinates': [-0.1033237, 51.5312232]}",24,1460.0,enterprise,0.2966248298,-0.0,0.11764705882352941,0.41427188862352937,20,20,1
1655,Vaultive,37.2628816,-121.9602134,"{'type': 'Point', 'coordinates': [-121.9602134, 37.2628816]}",25,11000.0,security,0.3946230188,-0.0,0.0196078431372549,0.4142308619372549,4,0,0
578,Vimukti Tehnologies,37.791648,-122.401241,"{'type': 'Point', 'coordinates': [-122.401241, 37.791648]}",40,0.0,software,0.067850907,-0.4,0.7450980392156863,0.4129489462156863,20,20,3
1108,Coveroo,51.5359008,-0.2055081,"{'type': 'Point', 'coordinates': [-0.2055081, 51.5359008]}",28,3800.0,hardware,0.3914949459,-0.0,0.0196078431372549,0.4111027890372549,20,5,2
360,OleOle,1.319458,103.845909,"{'type': 'Point', 'coordinates': [103.845909, 1.319458]}",27,5000.0,network_hosting,0.390082016,-0.0,0.0196078431372549,0.40968985913725486,20,10,1
453,Nimbit,37.43938,-122.158804,"{'type': 'Point', 'coordinates': [-122.158804, 37.43938]}",20,5430.0,music,0.2917485329,-0.0,0.11764705882352941,0.40939559172352946,20,2,0
160,Recombinant,40.738832,-73.981534,"{'type': 'Point', 'coordinates': [-73.981534, 40.738832]}",10,0.0,games_video,0.0169627267,-0.0,0.39215686274509803,0.409119589445098,20,12,8
1638,Saavn,37.431409,-122.10649,"{'type': 'Point', 'coordinates': [-122.10649, 37.431409]}",25,6000.0,games_video,0.3689187288,-0.0,0.0392156862745098,0.40813441507450976,0,0,0
431,StartForce,37.4186097,-122.0937686,"{'type': 'Point', 'coordinates': [-122.0937686, 37.4186097]}",21,6000.0,web,0.3098917322,-0.0,0.09803921568627451,0.4079309478862745,2,0,0
319,Syncplicity,52.202544,0.131237,"{'type': 'Point', 'coordinates': [0.131237, 52.202544]}",25,2350.0,enterprise,0.3291689474,-0.0,0.0784313725490196,0.40760031994901963,20,8,0
1200,Meez,37.287285,-121.942932,"{'type': 'Point', 'coordinates': [-121.942932, 37.287285]}",21,10200.0,hardware,0.3287936264,-0.0,0.0784313725490196,0.4072249989490196,20,1,0
649,WirelessGround,37.7983181,-122.4000032,"{'type': 'Point', 'coordinates': [-122.4000032, 37.7983181]}",20,0.0,mobile,0.0339254535,-0.0,0.37254901960784315,0.4064744731078431,20,5,2
1230,Evolve Technologies,40.752672,-73.97593,"{'type': 'Point', 'coordinates': [-73.97593, 40.752672]}",20,0.0,web,0.0339254535,-0.0,0.37254901960784315,0.4064744731078431,20,12,9
561,Bizcard,37.791068,-122.401942,"{'type': 'Point', 'coordinates': [-122.401942, 37.791068]}",24,0.0,other,0.0407105442,-0.4,0.7647058823529411,0.4054164265529411,20,20,3
644,Hunch,41.94038,-87.65318,"{'type': 'Point', 'coordinates': [-87.65318, 41.94038]}",23,19200.0,web,0.384784712,-0.0,0.0196078431372549,0.40439255513725486,20,2,5
323,TicketLeap,57.047302,9.945944,"{'type': 'Point', 'coordinates': [9.945944, 57.047302]}",25,8660.0,ecommerce,0.384480133,-0.0,0.0196078431372549,0.4040879761372549,8,0,0
1028,InfoBuild,40.750179,-73.976018,"{'type': 'Point', 'coordinates': [-73.976018, 40.750179]}",30,0.0,software,0.0508881802,-0.0,0.35294117647058826,0.4038293566705883,20,9,5
146,SpotXchange,40.61323,-80.101527,"{'type': 'Point', 'coordinates': [-80.101527, 40.61323]}",24,12000.0,advertising,0.3823803785,-0.0,0.0196078431372549,0.4019882216372549,1,0,0
1716,Innovative Spinal Technologies,26.579494,-81.879319,"{'type': 'Point', 'coordinates': [-81.879319, 26.579494]}",23,18000.0,biotech,0.3822667886,-0.0,0.0196078431372549,0.4018746317372549,2,0,0
761,LiveHive Systems,51.04705,3.727134,"{'type': 'Point', 'coordinates': [3.727134, 51.04705]}",30,1800.0,software,0.3814344894,-0.0,0.0196078431372549,0.4010423325372549,20,0,0
419,Crowd Science,32.0554,34.7595,"{'type': 'Point', 'coordinates': [34.7595, 32.0554]}",25,2000.0,web,0.3223300786,-0.0,0.0784313725490196,0.4007614511490196,20,0,0
1092,TicketCity,37.7900992,-122.4021988,"{'type': 'Point', 'coordinates': [-122.4021988, 37.7900992]}",32,0.0,other,0.0542807256,-0.4,0.7450980392156863,0.3993787648156863,20,20,3
694,CheckMarket,37.777092,-122.391011,"{'type': 'Point', 'coordinates': [-122.391011, 37.777092]}",15,0.0,enterprise,0.0254440901,-0.0,0.37254901960784315,0.39799310970784313,20,3,0
119,Icosystem,37.788827,-122.38944,"{'type': 'Point', 'coordinates': [-122.38944, 37.788827]}",25,0.0,web,0.0424068169,-0.0,0.35294117647058826,0.39534799337058824,20,20,1
1287,Plastic Jungle,41.2601663,-96.0791435,"{'type': 'Point', 'coordinates': [-96.0791435, 41.2601663]}",22,23400.0,ecommerce,0.3754374027,-0.0,0.0196078431372549,0.39504524583725487,6,0,0
229,RelevantMind,40.752672,-73.97593,"{'type': 'Point', 'coordinates': [-73.97593, 40.752672]}",13,0.0,web,0.0220515448,-0.0,0.37254901960784315,0.39460056440784314,20,12,9
424,Cosential,39.098927,-84.510753,"{'type': 'Point', 'coordinates': [-84.510753, 39.098927]}",40,250.0,software,0.3746361312,-0.0,0.0196078431372549,0.3942439743372549,20,2,0
422,SurveyGizmo,37.775392,-122.412214,"{'type': 'Point', 'coordinates': [-122.412214, 37.775392]}",47,0.0,software,0.0797248157,-0.0,0.3137254901960784,0.39345030589607843,20,12,1
1158,Adeptia,37.7934643,-122.3979712,"{'type': 'Point', 'coordinates': [-122.3979712, 37.7934643]}",50,0.0,software,0.0848136337,-0.4,0.7058823529411765,0.3906959866411765,20,20,2
117,Chumby,37.2906027,-121.9317853,"{'type': 'Point', 'coordinates': [-121.9317853, 37.2906027]}",20,17500.0,hardware,0.3314501933,-0.0,0.058823529411764705,0.3902737227117647,8,3,0
679,ShopWiki,51.046142,-114.083713,"{'type': 'Point', 'coordinates': [-114.083713, 51.046142]}",25,6250.0,ecommerce,0.3706498596,-0.0,0.0196078431372549,0.3902577027372549,20,0,0
467,NeighborCity,37.791068,-122.401942,"{'type': 'Point', 'coordinates': [-122.401942, 37.791068]}",15,0.0,web,0.0254440901,-0.4,0.7647058823529411,0.3901499724529411,20,20,3
327,FusionOps,34.067153,-118.409161,"{'type': 'Point', 'coordinates': [-118.409161, 34.067153]}",25,6090.0,analytics,0.3695501074,-0.0,0.0196078431372549,0.3891579505372549,20,1,0
405,Jambool,53.573761,10.045796,"{'type': 'Point', 'coordinates': [10.045796, 53.573761]}",25,6000.0,finance,0.3689187288,-0.0,0.0196078431372549,0.38852657193725487,20,0,3
1015,Intelligent Software Company,37.789778,-122.401736,"{'type': 'Point', 'coordinates': [-122.401736, 37.789778]}",25,0.0,software,0.0424068169,-0.4,0.7450980392156863,0.38750485611568625,20,20,3
49,Social Platform,37.789488,-122.397593,"{'type': 'Point', 'coordinates': [-122.397593, 37.789488]}",12,0.0,web,0.0203552721,-0.4,0.7647058823529411,0.3850611544529411,20,20,2
254,Omgili,33.585767,-117.731283,"{'type': 'Point', 'coordinates': [-117.731283, 33.585767]}",30,600.0,search,0.3255281093,-0.0,0.058823529411764705,0.3843516387117647,1,0,0
393,Aruspex,41.026439,-73.6271196,"{'type': 'Point', 'coordinates': [-73.6271196, 41.026439]}",26,3770.0,software,0.3631814572,-0.0,0.0196078431372549,0.3827893003372549,10,0,0
18,Pando Networks,37.269175,-119.306607,"{'type': 'Point', 'coordinates': [-119.306607, 37.269175]}",23,11000.0,games_video,0.3630531773,-0.0,0.0196078431372549,0.38266102043725486,0,0,0
164,Ownersite Technologies,37.790485,-122.40094,"{'type': 'Point', 'coordinates': [-122.40094, 37.790485]}",10,0.0,web,0.0169627267,-0.4,0.7647058823529411,0.3816686090529411,20,20,3
101,Evi,37.09024,-95.712891,"{'type': 'Point', 'coordinates': [-95.712891, 37.09024]}",25,3184.62,search,0.3420571273,-0.0,0.0392156862745098,0.3812728135745098,0,0,0
1343,L4 Mobile,55.934152,-3.3090825,"{'type': 'Point', 'coordinates': [-3.3090825, 55.934152]}",25,4800.0,mobile,0.359455921,-0.0,0.0196078431372549,0.3790637641372549,6,0,0
1366,ClickEquations,38.921547,-77.041976,"{'type': 'Point', 'coordinates': [-77.041976, 38.921547]}",25,3000.0,advertising,0.3395245632,-0.0,0.0392156862745098,0.3787402494745098,20,0,1
1129,Busuu,38.804559,-77.164776,"{'type': 'Point', 'coordinates': [-77.164776, 38.804559]}",25,4700.0,social,0.358563113,-0.0,0.0196078431372549,0.3781709561372549,0,0,0
1648,EBR Systems,52.5279255,13.3813542,"{'type': 'Point', 'coordinates': [13.3813542, 52.5279255]}",16,61000.0,biotech,0.2990495924,-0.0,0.0784313725490196,0.3774809649490196,20,4,4
108,Snapvine,37.385225,-121.991912,"{'type': 'Point', 'coordinates': [-121.991912, 37.385225]}",20,12000.0,other,0.3186503154,-0.0,0.058823529411764705,0.3774738448117647,5,0,0
1442,userADgents,51.5149197,-0.1346112,"{'type': 'Point', 'coordinates': [-0.1346112, 51.5149197]}",15,500.0,mobile,0.1581250485,-0.0,0.21568627450980393,0.3738113230098039,20,18,6
52,Kongregate,55.699123,12.541484,"{'type': 'Point', 'coordinates': [12.541484, 55.699123]}",20,19000.0,games_video,0.3342401581,-0.0,0.0392156862745098,0.37345584437450985,20,0,3
843,Papercheck,37.7873938,-122.3884419,"{'type': 'Point', 'coordinates': [-122.3884419, 37.7873938]}",35,0.0,consulting,0.0593695436,-0.0,0.3137254901960784,0.37309503379607845,20,11,1
1276,Zapproved,42.4871509,-71.1986329,"{'type': 'Point', 'coordinates': [-71.1986329, 42.4871509]}",27,1450.0,software,0.33338816,-0.0,0.0392156862745098,0.3726038462745098,5,0,0
75,PeekYou,47.6015315,-122.335943,"{'type': 'Point', 'coordinates': [-122.335943, 47.6015315]}",20,1830.0,search,0.2548504237,-0.0,0.11764705882352941,0.37249748252352943,20,7,0
1128,Wealthfront,36.252302,-115.177554,"{'type': 'Point', 'coordinates': [-115.177554, 36.252302]}",20,30500.0,finance,0.3502966581,-0.0,0.0196078431372549,0.3699045012372549,1,0,0
926,Yipit,39.746055,-75.549983,"{'type': 'Point', 'coordinates': [-75.549983, 39.746055]}",23,7550.0,web,0.3483702455,-0.0,0.0196078431372549,0.3679780886372549,15,2,0
139,clipsync,26.524058,-80.064158,"{'type': 'Point', 'coordinates': [-80.064158, 26.524058]}",28,1510.0,web,0.3476616322,-0.0,0.0196078431372549,0.3672694753372549,2,0,0
493,Imagekind,40.838338,14.235889,"{'type': 'Point', 'coordinates': [14.235889, 40.838338]}",26,2600.0,web,0.3467943564,-0.0,0.0196078431372549,0.3664021995372549,20,4,2
775,Gowalla,41.303696,-72.768842,"{'type': 'Point', 'coordinates': [-72.768842, 41.303696]}",22,10400.0,web,0.3451751099,-0.0,0.0196078431372549,0.3647829530372549,2,0,0
1036,Editor,37.792796,-122.401353,"{'type': 'Point', 'coordinates': [-122.401353, 37.792796]}",11,0.0,web,0.0186589994,-0.4,0.7450980392156863,0.36375703861568626,20,20,2
58,ZYB,40.643438,-73.886452,"{'type': 'Point', 'coordinates': [-73.886452, 40.643438]}",25,3328.13,mobile,0.3439263185,-0.0,0.0196078431372549,0.3635341616372549,0,0,0
62,SayNow,40.775537,-73.981709,"{'type': 'Point', 'coordinates': [-73.981709, 40.775537]}",20,7500.0,mobile,0.3027052292,-0.0,0.058823529411764705,0.3615287586117647,20,16,6
942,Citizenside,51.5220744,-0.1096216,"{'type': 'Point', 'coordinates': [-0.1096216, 51.5220744]}",12,1153.75,games_video,0.1435203985,-0.0,0.21568627450980393,0.3592066730098039,20,20,4
1222,Backchannelmedia,55.6742252,12.5442488,"{'type': 'Point', 'coordinates': [12.5442488, 55.6742252]}",25,3000.0,software,0.3395245632,-0.0,0.0196078431372549,0.3591324063372549,20,0,3
392,BrightDoor Systems,39.116333,-77.181307,"{'type': 'Point', 'coordinates': [-77.181307, 39.116333]}",26,2200.0,enterprise,0.3394267552,-0.0,0.0196078431372549,0.3590345983372549,6,0,0
246,Attentio,55.94862,-3.215149,"{'type': 'Point', 'coordinates': [-3.215149, 55.94862]}",30,786.0,analytics,0.3392692989,-0.0,0.0196078431372549,0.3588771420372549,20,12,0
1522,Gear6,48.1234082,11.6120973,"{'type': 'Point', 'coordinates': [11.6120973, 48.1234082]}",20,20000.0,network_hosting,0.3359803064,-0.0,0.0196078431372549,0.35558814953725487,20,4,3
370,Transpera,41.395013,-73.614577,"{'type': 'Point', 'coordinates': [-73.614577, 41.395013]}",20,19500.0,mobile,0.3351213883,-0.0,0.0196078431372549,0.3547292314372549,2,0,0
42,BuddyTV,31.046051,34.851612,"{'type': 'Point', 'coordinates': [34.851612, 31.046051]}",20,10600.0,games_video,0.3144417731,-0.0,0.0392156862745098,0.35365745937450976,0,0,0
130,Proximic,39.89674,-105.07359,"{'type': 'Point', 'coordinates': [-105.07359, 39.89674]}",20,10494.72,analytics,0.3141031384,-0.0,0.0392156862745098,0.3533188246745098,7,0,0
1544,MyEdu,43.2933829,-94.2191382,"{'type': 'Point', 'coordinates': [-94.2191382, 43.2933829]}",20,18700.0,education,0.3337002191,-0.0,0.0196078431372549,0.35330806223725486,3,0,0
722,Telespree,51.509905,-0.145438,"{'type': 'Point', 'coordinates': [-0.145438, 51.509905]}",20,1000.0,software,0.2343487305,-0.0,0.11764705882352941,0.3519957893235294,20,12,5
232,SlideShare,51.5212179,-0.0869736,"{'type': 'Point', 'coordinates': [-0.0869736, 51.5212179]}",10,3000.0,web,0.1358098253,-0.0,0.21568627450980393,0.3514960998098039,20,17,6
462,CrimeReports,53.274549,-6.215271,"{'type': 'Point', 'coordinates': [-6.215271, 53.274549]}",22,7200.0,web,0.3314523569,-0.0,0.0196078431372549,0.3510602000372549,4,0,0
460,CrimeReports,38.994517,-77.031194,"{'type': 'Point', 'coordinates': [-77.031194, 38.994517]}",22,7200.0,web,0.3314523569,-0.0,0.0196078431372549,0.3510602000372549,20,20,1
220,My Complete Event,37.773727,-122.401537,"{'type': 'Point', 'coordinates': [-122.401537, 37.773727]}",10,0.0,web,0.0169627267,-0.0,0.3333333333333333,0.3502960600333333,20,2,0
375,Mouth Watering Media,40.7534549,-73.9724886,"{'type': 'Point', 'coordinates': [-73.9724886, 40.7534549]}",10,0.0,web,0.0169627267,-0.0,0.3333333333333333,0.3502960600333333,20,8,7
1676,Kwaga,51.5152023,-0.1366861,"{'type': 'Point', 'coordinates': [-0.1366861, 51.5152023]}",10,2385.16,messaging,0.1319194904,-0.0,0.21568627450980393,0.34760576490980394,20,17,6
32,Respectance,47.620716,-122.347533,"{'type': 'Point', 'coordinates': [-122.347533, 47.620716]}",15,1750.0,web,0.1900004624,-0.0,0.1568627450980392,0.3468632074980392,20,8,0
1447,Kapitall,47.603176,-122.3333044,"{'type': 'Point', 'coordinates': [-122.3333044, 47.603176]}",15,7300.0,finance,0.2263412019,-0.0,0.11764705882352941,0.3439882607235294,20,12,0
1259,Bywave,37.789833,-122.405863,"{'type': 'Point', 'coordinates': [-122.405863, 37.789833]}",10,0.0,web,0.0169627267,-0.4,0.7254901960784313,0.3424529227784313,20,16,3
724,Aventure Host,37.792821,-122.404086,"{'type': 'Point', 'coordinates': [-122.404086, 37.792821]}",10,0.0,network_hosting,0.0169627267,-0.4,0.7254901960784313,0.3424529227784313,20,17,3
352,Mozes,32.925506,-96.793505,"{'type': 'Point', 'coordinates': [-96.793505, 32.925506]}",19,22300.0,mobile,0.3226895794,-0.0,0.0196078431372549,0.34229742253725487,1,0,0
277,Protecode,37.7893215,-122.4013624,"{'type': 'Point', 'coordinates': [-122.4013624, 37.7893215]}",20,0.0,software,0.0339254535,-0.4,0.7058823529411765,0.3398078064411765,20,20,3
114,HubPages,22.572646,88.363895,"{'type': 'Point', 'coordinates': [88.363895, 22.572646]}",21,8000.0,web,0.3201394642,-0.0,0.0196078431372549,0.3397473073372549,20,1,2
173,HipLogic,38.7072,-121.28,"{'type': 'Point', 'coordinates': [-121.28, 38.7072]}",20,11500.0,mobile,0.3172064612,-0.0,0.0196078431372549,0.3368143043372549,2,0,0
1246,Audiolife,41.879535,-87.624333,"{'type': 'Point', 'coordinates': [-87.624333, 41.879535]}",11,4500.0,ecommerce,0.156956381,-0.0,0.17647058823529413,0.33342696923529413,20,20,17
1244,Gennio,51.5178123,-0.11796,"{'type': 'Point', 'coordinates': [-0.11796, 51.5178123]}",18,600.0,web,0.1953168656,-0.0,0.13725490196078433,0.3325717675607843,20,20,8
452,Nimbit,48.1281209,11.5677288,"{'type': 'Point', 'coordinates': [11.5677288, 48.1281209]}",20,5430.0,music,0.2917485329,-0.0,0.0392156862745098,0.3309642191745098,20,5,3
1225,Emoshape,40.7564786,-73.9702711,"{'type': 'Point', 'coordinates': [-73.9702711, 40.7564786]}",10,0.0,software,0.0169627267,-0.0,0.3137254901960784,0.3306882168960784,20,8,9
1095,Quantivo,-34.4725563,-58.5128212,"{'type': 'Point', 'coordinates': [-58.5128212, -34.4725563]}",20,9400.0,analytics,0.3103658228,-0.0,0.0196078431372549,0.3299736659372549,20,1,0
177,2threads,42.397435,-71.252147,"{'type': 'Point', 'coordinates': [-71.252147, 42.397435]}",30,300.0,games_video,0.2902551106,-0.0,0.0392156862745098,0.32947079687450975,1,0,0
95,Plazes,47.598968,-122.332904,"{'type': 'Point', 'coordinates': [-122.332904, 47.598968]}",15,4104.7,web,0.2116919785,-0.0,0.11764705882352941,0.3293390373235294,20,11,0
1678,ClickFuel,47.6325767,-122.1537577,"{'type': 'Point', 'coordinates': [-122.1537577, 47.6325767]}",20,9000.0,advertising,0.3088905707,-0.0,0.0196078431372549,0.32849841383725487,6,0,0
1148,JAZD Markets,33.8303776,-118.3841777,"{'type': 'Point', 'coordinates': [-118.3841777, 33.8303776]}",20,8000.0,advertising,0.3048947278,-0.0,0.0196078431372549,0.3245025709372549,6,1,0
135,First30Days,52.365001,4.892903,"{'type': 'Point', 'coordinates': [4.892903, 52.365001]}",17,5000.0,web,0.2456071953,-0.0,0.0784313725490196,0.32403856784901963,20,0,4
176,Tiny Pictures,34.043948,-118.468204,"{'type': 'Point', 'coordinates': [-118.468204, 34.043948]}",18,11200.0,mobile,0.2846787309,-0.0,0.0392156862745098,0.32389441717450984,13,0,0
545,Meetweb,37.794043,-122.39736,"{'type': 'Point', 'coordinates': [-122.39736, 37.794043]}",10,0.0,advertising,0.0169627267,-0.4,0.7058823529411765,0.3228450796411765,20,20,2
1164,RJMetrics,34.213925,-118.487236,"{'type': 'Point', 'coordinates': [-118.487236, 34.213925]}",20,7450.0,software,0.3024783022,-0.0,0.0196078431372549,0.3220861453372549,3,0,0
41,Kiptronic,-33.722577,150.981801,"{'type': 'Point', 'coordinates': [150.981801, -33.722577]}",20,7300.0,advertising,0.3017882692,-0.0,0.0196078431372549,0.3213961123372549,1,0,1
67,OrganizedWisdom,45.506643,-73.566634,"{'type': 'Point', 'coordinates': [-73.566634, 45.506643]}",18,2800.0,other,0.2423511325,-0.0,0.0784313725490196,0.3207825050490196,20,18,8
1528,Samasource,45.619318,-122.544532,"{'type': 'Point', 'coordinates': [-122.544532, 45.619318]}",25,1210.0,enterprise,0.3010195158,-0.0,0.0196078431372549,0.3206273589372549,8,0,0
240,Datacraft Solutions,49.284521,-123.109933,"{'type': 'Point', 'coordinates': [-123.109933, 49.284521]}",13,4000.0,software,0.182896607,-0.0,0.13725490196078433,0.3201515089607843,20,6,5
954,StudyBlue,-37.8289319,144.9530953,"{'type': 'Point', 'coordinates': [144.9530953, -37.8289319]}",18,18500.0,education,0.3000018832,-0.0,0.0196078431372549,0.3196097263372549,20,7,0
351,MeFeedia,30.269004,-97.740395,"{'type': 'Point', 'coordinates': [-97.740395, 30.269004]}",13,250.0,games_video,0.1217567426,-0.0,0.19607843137254902,0.317835173972549,20,1,0
1261,Time America,51.5232255,-0.1010535,"{'type': 'Point', 'coordinates': [-0.1010535, 51.5232255]}",25,0.0,software,0.0424068169,-0.0,0.27450980392156865,0.31691662082156863,20,20,5
0,Geni,34.090368,-118.393064,"{'type': 'Point', 'coordinates': [-118.393064, 34.090368]}",18,16500.0,web,0.2965086024,-0.0,0.0196078431372549,0.3161164455372549,20,0,0
1178,Pictela,34.016961,-84.329081,"{'type': 'Point', 'coordinates': [-84.329081, 34.016961]}",20,3500.0,advertising,0.2768492823,-0.0,0.0392156862745098,0.31606496857450983,2,0,0
10,AdaptiveBlue,37.488336,-122.217964,"{'type': 'Point', 'coordinates': [-122.217964, 37.488336]}",15,24000.0,games_video,0.2566242359,-0.0,0.058823529411764705,0.3154477653117647,10,1,0
99,RealSelf,41.035749,-73.865287,"{'type': 'Point', 'coordinates': [-73.865287, 41.035749]}",23,1950.0,web,0.2955559165,-0.0,0.0196078431372549,0.3151637596372549,4,0,0
530,TournEase,30.264043,-97.744762,"{'type': 'Point', 'coordinates': [-97.744762, 30.264043]}",10,3500.0,ecommerce,0.1384246411,-0.0,0.17647058823529413,0.3148952293352941,20,3,0
711,StudioNow,33.8317964,-84.3391231,"{'type': 'Point', 'coordinates': [-84.3391231, 33.8317964]}",18,15300.0,photo_video,0.2942031373,-0.0,0.0196078431372549,0.31381098043725486,6,0,0
1220,DreamDesigners,40.733201,-73.991535,"{'type': 'Point', 'coordinates': [-73.991535, 40.733201]}",11,0.0,public_relations,0.0186589994,-0.0,0.29411764705882354,0.3127766464588235,20,4,13
487,SensorWave,34.05775,-118.4138,"{'type': 'Point', 'coordinates': [-118.4138, 34.05775]}",25,1000.0,public_relations,0.2929359131,-0.0,0.0196078431372549,0.3125437562372549,16,2,0
902,TasteSpace,51.5124201,-0.137494,"{'type': 'Point', 'coordinates': [-0.137494, 51.5124201]}",10,300.0,web,0.0967517035,-0.0,0.21568627450980393,0.31243797800980394,20,20,8
892,semanticlabs,48.429856,-123.3558507,"{'type': 'Point', 'coordinates': [-123.3558507, 48.429856]}",23,1775.0,software,0.2918874455,-0.0,0.0196078431372549,0.3114952886372549,20,0,0
1004,Momail,33.468396,-112.074887,"{'type': 'Point', 'coordinates': [-112.074887, 33.468396]}",20,5400.0,mobile,0.2915605797,-0.0,0.0196078431372549,0.3111684228372549,12,0,0
866,Viximo,26.600742,-81.991232,"{'type': 'Point', 'coordinates': [-81.991232, 26.600742]}",20,5000.0,web,0.2889496415,-0.0,0.0196078431372549,0.3085574846372549,0,0,0
212,Authenticlick,35.999586,-78.9065,"{'type': 'Point', 'coordinates': [-78.9065, 35.999586]}",20,5000.0,search,0.2889496415,-0.0,0.0196078431372549,0.3085574846372549,20,3,0
1561,Metreos Corporation,48.6849631,1.8456964,"{'type': 'Point', 'coordinates': [1.8456964, 48.6849631]}",20,4360.0,software,0.2843030128,-0.0,0.0196078431372549,0.30391085593725486,1,0,0
1640,Fixmo Carrier Services,52.3657578,4.8928722,"{'type': 'Point', 'coordinates': [4.8928722, 52.3657578]}",15,6900.0,mobile,0.2249073527,-0.0,0.0784313725490196,0.3033387252490196,20,0,4
358,Stitcher,52.132633,5.291266,"{'type': 'Point', 'coordinates': [5.291266, 52.132633]}",17,18700.0,mobile,0.2836451862,-0.0,0.0196078431372549,0.3032530293372549,0,0,0
321,SilverStripe,37.775196,-122.419204,"{'type': 'Point', 'coordinates': [-122.419204, 37.775196]}",40,0.0,software,0.067850907,-0.0,0.23529411764705882,0.30314502464705884,20,12,1
1301,Conformiq,49.8740096,8.6605881,"{'type': 'Point', 'coordinates': [8.6605881, 49.8740096]}",20,4200.0,software,0.2830346238,-0.0,0.0196078431372549,0.3026424669372549,20,0,0
1214,Untangle,51.4523335,7.3554365,"{'type': 'Point', 'coordinates': [7.3554365, 51.4523335]}",16,33200.0,software,0.2825394587,-0.0,0.0196078431372549,0.3021473018372549,0,0,0
15,Pageflakes,49.6026778,6.1329985,"{'type': 'Point', 'coordinates': [6.1329985, 49.6026778]}",20,4100.0,web,0.2822171034,-0.0,0.0196078431372549,0.3018249465372549,20,3,0
1170,Alachisoft,51.5196135,-0.1020265,"{'type': 'Point', 'coordinates': [-0.1020265, 51.5196135]}",50,0.0,software,0.0848136337,-0.0,0.21568627450980393,0.30049990820980393,20,20,7
292,Medioh!,37.7746693,-122.415199,"{'type': 'Point', 'coordinates': [-122.415199, 37.7746693]}",15,0.0,games_video,0.0254440901,-0.0,0.27450980392156865,0.29995389402156863,20,14,1
288,Mad Mimi,37.814202,-122.477959,"{'type': 'Point', 'coordinates': [-122.477959, 37.814202]}",35,110.0,web,0.2790653741,-0.0,0.0196078431372549,0.2986732172372549,0,0,0
1467,GameChanger Media,35.8691474,-78.6395667,"{'type': 'Point', 'coordinates': [-78.6395667, 35.8691474]}",20,3640.0,software,0.2781798628,-0.0,0.0196078431372549,0.2977877059372549,0,0,0
811,Big In Japan,53.3574412,-6.2567125,"{'type': 'Point', 'coordinates': [-6.2567125, 53.3574412]}",25,700.0,mobile,0.277810464,-0.0,0.0196078431372549,0.29741830713725487,20,0,0
200,Sprout,29.4748,-81.1274,"{'type': 'Point', 'coordinates': [-81.1274, 29.4748]}",18,8300.0,advertising,0.2755292927,-0.0,0.0196078431372549,0.29513713583725487,4,0,0
899,XE Corporation,38.872668,-77.367981,"{'type': 'Point', 'coordinates': [-77.367981, 38.872668]}",26,500.0,mobile,0.2740834174,-0.0,0.0196078431372549,0.29369126053725486,0,0,0
425,BrandYourself,38.861035,-104.722932,"{'type': 'Point', 'coordinates': [-104.722932, 38.861035]}",22,1500.0,web,0.2729147499,-0.0,0.0196078431372549,0.29252259303725486,2,0,0
365,Cognition Technologies,51.050314,3.71105,"{'type': 'Point', 'coordinates': [3.71105, 51.050314]}",20,2900.0,software,0.2704695251,-0.0,0.0196078431372549,0.2900773682372549,20,0,0
1564,Whitecap Canada,37.775206,-122.419209,"{'type': 'Point', 'coordinates': [-122.419209, 37.775206]}",30,0.0,software,0.0508881802,-0.0,0.23529411764705882,0.28618229784705884,20,12,1
1346,CitySpur,41.886624,-87.6267867,"{'type': 'Point', 'coordinates': [-87.6267867, 41.886624]}",17,0.0,public_relations,0.0288366355,-0.0,0.2549019607843137,0.2837385962843137,20,20,13
575,Imaginuity New Media,51.52129,-0.10978,"{'type': 'Point', 'coordinates': [-0.10978, 51.52129]}",40,0.0,other,0.067850907,-0.0,0.21568627450980393,0.28353718150980395,20,20,4
170,Agematis,40.718871,-74.00118,"{'type': 'Point', 'coordinates': [-74.00118, 40.718871]}",40,0.0,software,0.067850907,-0.0,0.21568627450980393,0.28353718150980395,20,4,19
691,Pond5,43.3104064,-70.9903438,"{'type': 'Point', 'coordinates': [-70.9903438, 43.3104064]}",25,500.0,ecommerce,0.2635417475,-0.0,0.0196078431372549,0.28314959063725487,0,0,0
1673,pingVision,51.5270568,-0.1043766,"{'type': 'Point', 'coordinates': [-0.1043766, 51.5270568]}",16,0.0,consulting,0.0271403628,-0.0,0.2549019607843137,0.2820423235843137,20,20,3
129,Roost,39.89674,-105.07359,"{'type': 'Point', 'coordinates': [-105.07359, 39.89674]}",15,13500.0,software,0.2419846188,-0.0,0.0392156862745098,0.28120030507450977,7,0,0
1150,Green Spider Design,41.885408,-87.625677,"{'type': 'Point', 'coordinates': [-87.625677, 41.885408]}",15,0.0,network_hosting,0.0254440901,-0.0,0.2549019607843137,0.2803460508843137,20,20,16
543,RezOvation,41.886088,-87.624983,"{'type': 'Point', 'coordinates': [-87.624983, 41.886088]}",15,0.0,software,0.0254440901,-0.0,0.2549019607843137,0.2803460508843137,20,20,14
1656,The Resumator,40.732225,-74.009311,"{'type': 'Point', 'coordinates': [-74.009311, 40.732225]}",40,2980.0,software,0.5427854472,-0.4,0.13725490196078433,0.2800403491607843,20,5,4
1454,ProtoShare,47.6146338,-122.3408187,"{'type': 'Point', 'coordinates': [-122.3408187, 47.6146338]}",15,250.0,software,0.1404885492,-0.0,0.13725490196078433,0.27774345116078436,20,9,0
186,Sportgenic,37.3973787,-122.0879281,"{'type': 'Point', 'coordinates': [-122.0879281, 37.3973787]}",15,11500.0,advertising,0.2379048459,-0.0,0.0392156862745098,0.2771205321745098,19,0,0
268,MADS,53.337935,-6.32868,"{'type': 'Point', 'coordinates': [-6.32868, 53.337935]}",20,1941.41,advertising,0.2568553687,-0.0,0.0196078431372549,0.27646321183725486,9,0,0
600,GenArts,40.79978,-73.701079,"{'type': 'Point', 'coordinates': [-73.701079, 40.79978]}",15,22400.0,games_video,0.2548687751,-0.0,0.0196078431372549,0.2744766182372549,5,0,0
1602,SproutBox,51.519816,-0.1361616,"{'type': 'Point', 'coordinates': [-0.1361616, 51.519816]}",10,1020.0,other,0.1175102718,-0.0,0.1568627450980392,0.2743730168980392,20,7,9
1339,Anygma,40.046431,-75.39342,"{'type': 'Point', 'coordinates': [-75.39342, 40.046431]}",20,1775.0,public_relations,0.25381517,-0.0,0.0196078431372549,0.27342301313725487,7,0,0
206,Krillion,51.5141566,-0.0934254,"{'type': 'Point', 'coordinates': [-0.0934254, 51.5141566]}",10,9650.0,web,0.1556281529,-0.0,0.11764705882352941,0.2732752117235294,20,20,9
1510,CoTweet,37.488336,-122.217964,"{'type': 'Point', 'coordinates': [-122.217964, 37.488336]}",18,1100.0,advertising,0.2138239544,-0.0,0.058823529411764705,0.2726474838117647,10,1,0
1126,popdat,41.886511,-87.626777,"{'type': 'Point', 'coordinates': [-87.626777, 41.886511]}",10,0.0,web,0.0169627267,-0.0,0.2549019607843137,0.2718646874843137,20,20,13
78,Webjam,34.011335,-118.468458,"{'type': 'Point', 'coordinates': [-118.468458, 34.011335]}",18,2000.0,enterprise,0.2320776566,-0.0,0.0392156862745098,0.2712933428745098,4,0,0
69,Mixx,40.01621,-105.28131,"{'type': 'Point', 'coordinates': [-105.28131, 40.01621]}",11,3500.0,web,0.1522671053,-0.0,0.11764705882352941,0.2699141641235294,20,4,0
150,Movaya,37.87168,-122.269494,"{'type': 'Point', 'coordinates': [-122.269494, 37.87168]}",20,500.0,software,0.210833398,-0.0,0.058823529411764705,0.2696569274117647,20,3,1
1685,Innovative Biosensors,48.8278444,2.1255025,"{'type': 'Point', 'coordinates': [2.1255025, 48.8278444]}",15,18400.0,biotech,0.2498636606,-0.0,0.0196078431372549,0.2694715037372549,6,0,0
27,37signals,37.775196,-122.419204,"{'type': 'Point', 'coordinates': [-122.419204, 37.775196]}",20,0.0,public_relations,0.0339254535,-0.0,0.23529411764705882,0.2692195711470588,20,12,1
88,Veodia,37.281651,-121.941184,"{'type': 'Point', 'coordinates': [-121.941184, 37.281651]}",15,8300.0,games_video,0.2296077439,-0.0,0.0392156862745098,0.2688234301745098,20,0,0
632,NEXTA Media,37.587789,-122.334643,"{'type': 'Point', 'coordinates': [-122.334643, 37.587789]}",20,1497.66,other,0.2480513531,-0.0,0.0196078431372549,0.2676591962372549,2,0,0
609,Samfind,37.612231,-97.364138,"{'type': 'Point', 'coordinates': [-97.364138, 37.612231]}",30,125.0,software,0.2457040997,-0.0,0.0196078431372549,0.2653119428372549,0,0,0
80,Metaplace,37.553743,-122.300246,"{'type': 'Point', 'coordinates': [-122.300246, 37.553743]}",12,9400.0,games_video,0.1862194937,-0.0,0.0784313725490196,0.26465086624901957,5,0,0
1556,Ayima,37.775196,-122.419204,"{'type': 'Point', 'coordinates': [-122.419204, 37.775196]}",17,0.0,search,0.0288366355,-0.0,0.23529411764705882,0.2641307531470588,20,12,1
508,Yovia,40.456204,-3.813122,"{'type': 'Point', 'coordinates': [-3.813122, 40.456204]}",25,300.0,web,0.2418792588,-0.0,0.0196078431372549,0.2614871019372549,4,0,0
1113,CoKinetic Systems Corp,40.762897,-73.974714,"{'type': 'Point', 'coordinates': [-73.974714, 40.762897]}",50,0.0,software,0.0848136337,-0.0,0.17647058823529413,0.2612842219352941,20,7,16
1520,WEEZEVENT,26.2031094,-80.1550199,"{'type': 'Point', 'coordinates': [-80.1550199, 26.2031094]}",20,1220.32,ecommerce,0.2411037333,-0.0,0.0196078431372549,0.2607115764372549,5,3,0
1705,RxVantage,34.045499,-118.47036,"{'type': 'Point', 'coordinates': [-118.47036, 34.045499]}",15,2750.0,enterprise,0.2015008126,-0.0,0.058823529411764705,0.2603243420117647,14,0,0
1202,KlickSports,39.236548,-76.828943,"{'type': 'Point', 'coordinates': [-76.828943, 39.236548]}",20,1200.0,mobile,0.240534072,-0.0,0.0196078431372549,0.2601419151372549,1,0,0
1662,Fliptop,44.8743952,-0.5754294,"{'type': 'Point', 'coordinates': [-0.5754294, 44.8743952]}",16,6790.0,enterprise,0.2394650178,-0.0,0.0196078431372549,0.2590728609372549,4,2,0
228,Glaxstar,39.399872,-8.224454,"{'type': 'Point', 'coordinates': [-8.224454, 39.399872]}",17,4000.0,software,0.239172486,-0.0,0.0196078431372549,0.2587803291372549,2,0,0
832,Demand Solutions Group,37.291228,-121.933651,"{'type': 'Point', 'coordinates': [-121.933651, 37.291228]}",22,125.0,consulting,0.1801830065,-0.0,0.0784313725490196,0.2586143790490196,17,3,0
874,O3Spaces,41.889183,-87.632519,"{'type': 'Point', 'coordinates': [-87.632519, 41.889183]}",25,0.0,software,0.0424068169,-0.0,0.21568627450980393,0.2580930914098039,20,20,11
627,LeadGenesys,40.7280992,-73.9933841,"{'type': 'Point', 'coordinates': [-73.9933841, 40.7280992]}",23,0.0,enterprise,0.0390142715,-0.0,0.21568627450980393,0.25470054600980396,20,2,12
391,OtherInbox,37.796164,-122.420903,"{'type': 'Point', 'coordinates': [-122.420903, 37.796164]}",14,3800.0,messaging,0.1957474729,-0.0,0.058823529411764705,0.2545710023117647,20,11,0
1258,Shutl,43.670233,-79.386755,"{'type': 'Point', 'coordinates': [-79.386755, 43.670233]}",10,9382.37,ecommerce,0.1551510674,-0.0,0.09803921568627451,0.2531902830862745,20,0,6
735,Propertyshark,30.268735,-97.745209,"{'type': 'Point', 'coordinates': [-97.745209, 30.268735]}",45,0.0,ecommerce,0.0763322704,-0.0,0.17647058823529413,0.2528028586352941,20,4,0
1041,Hook Mobile,51.367484,7.483322,"{'type': 'Point', 'coordinates': [7.483322, 51.367484]}",20,963.0,software,0.2330696775,-0.0,0.0196078431372549,0.2526775206372549,6,0,0
834,WiredRed,41.8851542,-87.6223183,"{'type': 'Point', 'coordinates': [-87.6223183, 41.8851542]}",10,0.0,software,0.0169627267,-0.0,0.23529411764705882,0.2522568443470588,20,20,13
1689,WebGravity,51.517356,-0.1037742,"{'type': 'Point', 'coordinates': [-0.1037742, 51.517356]}",10,0.0,ecommerce,0.0169627267,-0.0,0.23529411764705882,0.2522568443470588,20,20,6
137,Mibura,37.775196,-122.419204,"{'type': 'Point', 'coordinates': [-122.419204, 37.775196]}",10,0.0,enterprise,0.0169627267,-0.0,0.23529411764705882,0.2522568443470588,20,12,1
634,Telnic,37.522281,-122.258139,"{'type': 'Point', 'coordinates': [-122.258139, 37.522281]}",12,35000.0,search,0.2129793155,-0.0,0.0392156862745098,0.2521950017745098,4,0,0
248,Cellufun,40.727425,-74.0057125,"{'type': 'Point', 'coordinates': [-74.0057125, 40.727425]}",30,5230.0,games_video,0.435713075,-0.4,0.21568627450980393,0.2513993495098039,20,7,12
996,Double Encore,44.455806,-73.217971,"{'type': 'Point', 'coordinates': [-73.217971, 44.455806]}",42,25.0,software,0.2293238264,-0.0,0.0196078431372549,0.24893166953725493,3,0,0
263,Trampoline Systems,39.786948,-75.485407,"{'type': 'Point', 'coordinates': [-75.485407, 39.786948]}",15,7480.0,enterprise,0.2269609803,-0.0,0.0196078431372549,0.2465688234372549,1,0,0
641,e-Man,51.52216,-0.111242,"{'type': 'Point', 'coordinates': [-0.111242, 51.52216]}",18,0.0,web,0.0305329081,-0.0,0.21568627450980393,0.24621918260980394,20,20,5
335,Fave Media,33.903544,-118.265655,"{'type': 'Point', 'coordinates': [-118.265655, 33.903544]}",18,1600.0,search,0.2252644351,-0.0,0.0196078431372549,0.24487227823725488,1,2,0
337,zweitgeist,37.5068854,-122.2475729,"{'type': 'Point', 'coordinates': [-122.2475729, 37.5068854]}",21,554.69,web,0.2250726494,-0.0,0.0196078431372549,0.24468049253725488,6,0,0
1002,VODECLIC,44.867343,-72.114442,"{'type': 'Point', 'coordinates': [-72.114442, 44.867343]}",20,710.0,software,0.2227295914,-0.0,0.0196078431372549,0.24233743453725493,0,0,0
93,Skinkers,37.5583159,-122.2862187,"{'type': 'Point', 'coordinates': [-122.2862187, 37.5583159]}",12,21500.0,software,0.2030602906,-0.0,0.0392156862745098,0.2422759768745098,3,2,0
98,StreetFire,37.386665,-122.084171,"{'type': 'Point', 'coordinates': [-122.084171, 37.386665]}",12,7900.0,web,0.1826807921,-0.0,0.058823529411764705,0.2415043215117647,16,5,0
1682,Gravity,30.354768,-97.798152,"{'type': 'Point', 'coordinates': [-97.798152, 30.354768]}",12,20600.0,advertising,0.2021898613,-0.0,0.0392156862745098,0.2414055475745098,0,0,0
451,Tapulous,52.354098,4.863604,"{'type': 'Point', 'coordinates': [4.863604, 52.354098]}",15,2800.0,mobile,0.2019592771,-0.0,0.0392156862745098,0.2411749633745098,20,1,0
1081,Eagle Software Group,41.890421,-87.630765,"{'type': 'Point', 'coordinates': [-87.630765, 41.890421]}",15,0.0,consulting,0.0254440901,-0.0,0.21568627450980393,0.24113036460980394,20,20,10
884,C4M,-33.8719926,151.1936039,"{'type': 'Point', 'coordinates': [151.1936039, -33.8719926]}",15,2773.45,mobile,0.2017168615,-0.0,0.0392156862745098,0.24093254777450981,20,1,0
520,Myngle,41.3916792,2.1775706,"{'type': 'Point', 'coordinates': [2.1775706, 41.3916792]}",17,2100.0,education,0.2205913976,-0.0,0.0196078431372549,0.2401992407372549,20,20,9
686,UK Office Direct,41.889832,-87.626718,"{'type': 'Point', 'coordinates': [-87.626718, 41.889832]}",14,0.0,other,0.0237478174,-0.0,0.21568627450980393,0.23943409190980394,20,20,9
1479,betaworks,60.1708429,24.9279339,"{'type': 'Point', 'coordinates': [24.9279339, 60.1708429]}",10,41800.0,social,0.1804944658,-0.0,0.058823529411764705,0.23931799521176472,20,5,2
36,Wishpot,40.010492,-105.276843,"{'type': 'Point', 'coordinates': [-105.276843, 40.010492]}",10,1300.0,ecommerce,0.1216247786,-0.0,0.11764705882352941,0.23927183742352942,20,0,0
290,ImageShack,50.3835264,-3.6027256,"{'type': 'Point', 'coordinates': [-3.6027256, 50.3835264]}",14,10000.0,network_hosting,0.2187254818,-0.0,0.0196078431372549,0.2383333249372549,1,0,0
705,iCharts,47.657435,-122.324861,"{'type': 'Point', 'coordinates': [-122.324861, 47.657435]}",16,3100.0,analytics,0.2181856481,-0.0,0.0196078431372549,0.2377934912372549,20,1,0
1715,Innovative Spinal Technologies,40.72616,-74.006023,"{'type': 'Point', 'coordinates': [-74.006023, 40.72616]}",23,18000.0,biotech,0.3822667886,-0.4,0.2549019607843137,0.2371687493843137,20,7,13
1334,CogniFit,-27.471324,153.004781,"{'type': 'Point', 'coordinates': [153.004781, -27.471324]}",15,5000.0,web,0.2167122311,-0.0,0.0196078431372549,0.23632007423725493,12,3,0
1099,Aftercad Software,49.2804717,-123.127089,"{'type': 'Point', 'coordinates': [-123.127089, 49.2804717]}",12,826.58,enterprise,0.1367324022,-0.0,0.09803921568627451,0.2347716178862745,20,15,4
1247,KODA,37.413319,-121.9160606,"{'type': 'Point', 'coordinates': [-121.9160606, 37.413319]}",15,4500.0,web,0.2140314287,-0.0,0.0196078431372549,0.2336392718372549,1,2,0
924,Dillyeo,41.890637,-87.626979,"{'type': 'Point', 'coordinates': [-87.626979, 41.890637]}",10,0.0,other,0.0169627267,-0.0,0.21568627450980393,0.23264900120980392,20,20,9
727,Esagrafica Service Solutions,41.890441,-87.629377,"{'type': 'Point', 'coordinates': [-87.629377, 41.890441]}",10,0.0,hardware,0.0169627267,-0.0,0.21568627450980393,0.23264900120980392,20,20,10
