index,_id,amount_raised_k$,category_code,geopoint,lat,lng,name,news_agencies,number_of_employees,wealth,offices_near,final_score
881,5d62ddee087b7af24faa39b9,16000.0,ecommerce,"{'type': 'Point', 'coordinates': [-73.988071, 40.744549]}",40.744549,-73.988071,Wishabi,-0.0,50,0.8210251505,0.7647058823529411,1.5857310328529413
1,5d62ddee087b7af24faa3649,25800.0,news,"{'type': 'Point', 'coordinates': [-122.404052, 37.789634]}",37.789634,-122.404052,Scribd,-0.05,50,0.8615478978,0.7254901960784313,1.5370380938784312
50,5d62ddee087b7af24faa367a,4800.0,enterprise,"{'type': 'Point', 'coordinates': [-122.401245, 37.786942]}",37.786942,-122.401245,Echo,-0.05,50,0.7189118421,0.8431372549019608,1.5120490970019609
1119,5d62ddee087b7af24faa3aa8,14500.0,enterprise,"{'type': 'Point', 'coordinates': [-73.987871, 40.752539]}",40.752539,-73.987871,ReachForce,-0.0,40,0.6501408722,0.8235294117647058,1.4736702839647058
448,5d62ddee087b7af24faa3808,13100.0,software,"{'type': 'Point', 'coordinates': [-122.402759, 37.787646]}",37.787646,-122.402759,Pivot,-0.05,40,0.6432515341,0.803921568627451,1.397173102727451
1166,5d62ddee087b7af24faa3ad7,13200.0,enterprise,"{'type': 'Point', 'coordinates': [-122.401194, 37.795141]}",37.795141,-122.401194,CrowdFlower,-0.05,49,0.7886152035,0.6470588235294118,1.385674027029412
1428,5d62ddee087b7af24faa3bdd,14700.0,software,"{'type': 'Point', 'coordinates': [-122.401803, 37.778991]}",37.778991,-122.401803,SpaBooker,-0.0,42,0.6836238688,0.6666666666666666,1.3502905354666668
83,5d62ddee087b7af24faa369b,17600.0,mobile,"{'type': 'Point', 'coordinates': [-122.397672, 37.786906]}",37.786906,-122.397672,Worklight,-0.05,30,0.4974652519,0.9019607843137255,1.3494260362137256
209,5d62ddee087b7af24faa3719,15200.0,software,"{'type': 'Point', 'coordinates': [-73.990675, 40.752143]}",40.752143,-73.990675,Replay Solutions,-0.0,30,0.4900048679,0.7450980392156863,1.2351029071156863
476,5d62ddee087b7af24faa3824,3800.0,advertising,"{'type': 'Point', 'coordinates': [-122.399412, 37.787076]}",37.787076,-122.399412,Lat49,-0.05,24,0.3355670965,0.9215686274509803,1.2071357239509803
29,5d62ddee087b7af24faa3665,21500.0,mobile,"{'type': 'Point', 'coordinates': [-122.402349, 37.792394]}",37.792394,-122.402349,Jaxtr,-0.05,30,0.5076507264,0.7450980392156863,1.2027487656156863
1327,5d62ddee087b7af24faa3b78,1000.0,games_video,"{'type': 'Point', 'coordinates': [-73.989276, 40.74828]}",40.74828,-73.989276,BASH Gaming,-0.0,25,0.2929359131,0.9019607843137255,1.1948966974137254
8,5d62ddee087b7af24faa3650,23400.0,games_video,"{'type': 'Point', 'coordinates': [-122.409173, 37.788482]}",37.788482,-122.409173,Kyte,-0.05,40,0.6826134595,0.5490196078431373,1.1816330673431372
489,5d62ddee087b7af24faa3831,5000.0,software,"{'type': 'Point', 'coordinates': [-122.4007791, 37.789902]}",37.789902,-122.4007791,Keibi Technologies,-0.05,30,0.4334244623,0.7450980392156863,1.1285225015156863
6,5d62ddee087b7af24faa364e,32100.0,advertising,"{'type': 'Point', 'coordinates': [-122.393041, 37.779558]}",37.779558,-122.393041,Technorati,-0.0,35,0.6160546777,0.49019607843137253,1.1062507561313726
312,5d62ddee087b7af24faa3780,4000.0,games_video,"{'type': 'Point', 'coordinates': [-122.4013875, 37.7867392]}",37.7867392,-122.4013875,Serious Business,-0.05,22,0.3095173349,0.8431372549019608,1.1026545898019608
105,5d62ddee087b7af24faa36b1,5000.0,web,"{'type': 'Point', 'coordinates': [-122.39897, 37.78624]}",37.78624,-122.39897,WEbook,-0.05,10,0.1444748208,1.0,1.0944748208
1278,5d62ddee087b7af24faa3b47,12500.0,software,"{'type': 'Point', 'coordinates': [-122.4000032, 37.7983181]}",37.7983181,-122.4000032,Questra,-0.0,45,0.7200792453,0.37254901960784315,1.0926282649078431
420,5d62ddee087b7af24faa37ec,2000.0,web,"{'type': 'Point', 'coordinates': [-73.992637, 40.745064]}",40.745064,-73.992637,Crowd Science,-0.0,25,0.3223300786,0.7647058823529411,1.0870359609529412
97,5d62ddee087b7af24faa36a9,21300.0,web,"{'type': 'Point', 'coordinates': [-122.3975878, 37.7799872]}",37.7799872,-122.3975878,RepairPal,-0.0,25,0.4226459438,0.6470588235294118,1.0697047673294118
1408,5d62ddee087b7af24faa3bc9,942.97,search,"{'type': 'Point', 'coordinates': [-73.9812417, 40.7501311]}",40.7501311,-73.9812417,GoHome,-0.0,19,0.2207387703,0.8431372549019608,1.0638760252019608
853,5d62ddee087b7af24faa399d,2920.0,mobile,"{'type': 'Point', 'coordinates': [-73.989505, 40.744201]}",40.744201,-73.989505,kooaba,-0.0,20,0.2707026906,0.7843137254901961,1.055016416090196
2,5d62ddee087b7af24faa364a,39800.0,web,"{'type': 'Point', 'coordinates': [-73.9964312, 40.7237306]}",40.7237306,-73.9964312,Wetpaint,-0.05,47,0.8444151273,0.2549019607843137,1.0493170880843137
1299,5d62ddee087b7af24faa3b5c,4200.0,software,"{'type': 'Point', 'coordinates': [-73.9890149, 40.7438356]}",40.7438356,-73.9890149,Conformiq,-0.0,20,0.2830346238,0.7647058823529411,1.047740506152941
1293,5d62ddee087b7af24faa3b56,23400.0,ecommerce,"{'type': 'Point', 'coordinates': [-73.9822211, 40.7454098]}",40.7454098,-73.9822211,Plastic Jungle,-0.0,22,0.3754374027,0.6666666666666666,1.0421040693666666
346,5d62ddee087b7af24faa37a2,16000.0,messaging,"{'type': 'Point', 'coordinates': [-122.398599, 37.798853]}",37.798853,-122.398599,Rapleaf,-0.0,44,0.7225021325,0.3137254901960784,1.0362276226960785
74,5d62ddee087b7af24faa3692,3970.0,games_video,"{'type': 'Point', 'coordinates': [-73.993127, 40.740337]}",40.740337,-73.993127,FlowPlay,-0.0,30,0.4216859932,0.6078431372549019,1.029529130454902
572,5d62ddee087b7af24faa3884,3328.13,search,"{'type': 'Point', 'coordinates': [-73.991562, 40.747003]}",40.747003,-73.991562,Nuroa,-0.0,16,0.2201128439,0.803921568627451,1.024034412527451
1441,5d62ddee087b7af24faa3bea,500.0,mobile,"{'type': 'Point', 'coordinates': [-73.99031, 40.751969]}",40.751969,-73.99031,userADgents,-0.0,15,0.1581250485,0.8627450980392157,1.0208701465392158
1135,5d62ddee087b7af24faa3ab8,132000.0,web,"{'type': 'Point', 'coordinates': [8.6503108, 50.1136964]}",50.1136964,8.6503108,Green Apple Media,-0.0,50,1.0,0.0196078431372549,1.0196078431372548
239,5d62ddee087b7af24faa3737,116000.0,travel,"{'type': 'Point', 'coordinates': [-0.018647, 51.50485]}",51.50485,-0.018647,CLEAR,-0.0,50,0.9890410835,0.0196078431372549,1.008648926637255
376,5d62ddee087b7af24faa37c0,53000.0,analytics,"{'type': 'Point', 'coordinates': [-97.73151, 30.265557]}",30.265557,-97.73151,Aster Data Systems,-0.0,50,0.9226067103,0.0784313725490196,1.0010380828490195
1167,5d62ddee087b7af24faa3ad8,50600.0,software,"{'type': 'Point', 'coordinates': [-122.4184108, 37.7581148]}",37.7581148,-122.4184108,Mantara,-0.0,50,0.9186764179,0.0784313725490196,0.9971077904490195
51,5d62ddee087b7af24faa367b,22600.0,enterprise,"{'type': 'Point', 'coordinates': [-118.495025, 34.018275]}",34.018275,-118.495025,Six Apart,-0.0,50,0.8503164875,0.13725490196078433,0.9875713894607843
33,5d62ddee087b7af24faa3669,44700.0,social,"{'type': 'Point', 'coordinates': [-73.985506, 40.757929]}",40.757929,-73.985506,Grockit,-0.0,25,0.4540806935,0.5294117647058824,0.9834924582058824
1116,5d62ddee087b7af24faa3aa5,0.0,web,"{'type': 'Point', 'coordinates': [-122.397582, 37.785271]}",37.785271,-122.397582,Webzzle,-0.05,10,0.0169627267,1.0,0.9669627267
3,5d62ddee087b7af24faa364b,39800.0,web,"{'type': 'Point', 'coordinates': [-122.333253, 47.603122]}",47.603122,-122.333253,Wetpaint,-0.0,47,0.8444151273,0.11764705882352941,0.9620621861235295
25,5d62ddee087b7af24faa3661,81300.0,hardware,"{'type': 'Point', 'coordinates': [-122.18676, 37.451026]}",37.451026,-122.18676,ooma,-0.0,47,0.9013608972,0.058823529411764705,0.9601844266117647
1137,5d62ddee087b7af24faa3aba,54000.0,web,"{'type': 'Point', 'coordinates': [-121.7768449, 36.9397206]}",36.9397206,-121.7768449,CouponCabin,-0.0,50,0.924192058,0.0196078431372549,0.943799901137255
1141,5d62ddee087b7af24faa3abe,0.0,enterprise,"{'type': 'Point', 'coordinates': [-122.3999719, 37.7870923]}",37.7870923,-122.3999719,CrossTech Partners,-0.05,50,0.0848136337,0.9019607843137255,0.9367744180137255
1070,5d62ddee087b7af24faa3a77,31000.0,enterprise,"{'type': 'Point', 'coordinates': [-117.2667494, 33.1032516]}",33.1032516,-117.2667494,Apprenda,-0.0,51,0.8946631743,0.0392156862745098,0.9338788605745098
28,5d62ddee087b7af24faa3664,46800.0,enterprise,"{'type': 'Point', 'coordinates': [-119.641821, 34.42071]}",34.42071,-119.641821,Socialtext,-0.0,50,0.9120551555,0.0196078431372549,0.931662998637255
886,5d62ddee087b7af24faa39be,46500.0,semiconductor,"{'type': 'Point', 'coordinates': [-118.864513, 34.267061]}",34.267061,-118.864513,Movidius,-0.0,50,0.9115097283,0.0196078431372549,0.9311175714372549
1395,5d62ddee087b7af24faa3bbc,0.0,advertising,"{'type': 'Point', 'coordinates': [-73.987977, 40.749884]}",40.749884,-73.987977,Masterpiece,-0.0,32,0.0542807256,0.8627450980392157,0.9170258236392157
353,5d62ddee087b7af24faa37a9,2710.0,sports,"{'type': 'Point', 'coordinates': [-122.40185, 37.790346]}",37.790346,-122.40185,Smarkets,-0.05,15,0.2011279988,0.7647058823529411,0.9158338811529412
1071,5d62ddee087b7af24faa3a78,31000.0,enterprise,"{'type': 'Point', 'coordinates': [-112.458454, 34.600895]}",34.600895,-112.458454,Apprenda,-0.0,51,0.8946631743,0.0196078431372549,0.9142710174372549
774,5d62ddee087b7af24faa394e,314.0,network_hosting,"{'type': 'Point', 'coordinates': [-122.4035368, 37.7875973]}",37.7875973,-122.4035368,Pathable,-0.05,18,0.1755456879,0.7843137254901961,0.909859413390196
5,5d62ddee087b7af24faa364d,28300.0,web,"{'type': 'Point', 'coordinates': [-122.055197, 37.387845]}",37.387845,-122.055197,Plaxo,-0.0,50,0.8693920829,0.0392156862745098,0.9086077691745098
825,5d62ddee087b7af24faa3981,0.0,software,"{'type': 'Point', 'coordinates': [-73.982544, 40.747819]}",40.747819,-73.982544,Visuamobile,-0.0,35,0.0593695436,0.8431372549019608,0.9025067985019608
266,5d62ddee087b7af24faa3752,33000.0,software,"{'type': 'Point', 'coordinates': [-116.3908, 43.6124]}",43.6124,-116.3908,Univa UD,-0.0,50,0.8824233378,0.0196078431372549,0.902031180937255
1650,5d62ddee087b7af24faa3cbb,35200.0,analytics,"{'type': 'Point', 'coordinates': [-122.078727, 37.392392]}",37.392392,-122.078727,Topsy Labs,-0.0,45,0.7991073759,0.09803921568627451,0.8971465915862745
147,5d62ddee087b7af24faa36db,12200.0,advertising,"{'type': 'Point', 'coordinates': [-122.395875, 37.7766587]}",37.7766587,-122.395875,Collarity,-0.0,30,0.4788166193,0.4117647058823529,0.8905813251823529
132,5d62ddee087b7af24faa36cc,28300.0,advertising,"{'type': 'Point', 'coordinates': [-111.679755, 40.32462]}",40.32462,-111.679755,Lijit Networks,-0.0,50,0.8693920829,0.0196078431372549,0.888999926037255
1199,5d62ddee087b7af24faa3af8,10500.0,software,"{'type': 'Point', 'coordinates': [-122.073003, 37.400465]}",37.400465,-122.073003,SparkBase,-0.0,51,0.8010065161,0.0784313725490196,0.8794378886490195
568,5d62ddee087b7af24faa3880,20000.0,network_hosting,"{'type': 'Point', 'coordinates': [-121.782424, 37.235298]}",37.235298,-121.782424,Ocarina Networks,-0.0,50,0.839950766,0.0392156862745098,0.8791664522745097
1329,5d62ddee087b7af24faa3b7a,69000.0,games_video,"{'type': 'Point', 'coordinates': [-119.79545, 36.742342]}",36.742342,-119.79545,Major League Gaming,-0.0,45,0.850483606,0.0196078431372549,0.8700914491372549
293,5d62ddee087b7af24faa376d,0.0,games_video,"{'type': 'Point', 'coordinates': [-122.397884, 37.787204]}",37.787204,-122.397884,Podbean LLC,-0.05,10,0.0169627267,0.9019607843137255,0.8689235110137254
185,5d62ddee087b7af24faa3701,7000.0,public_relations,"{'type': 'Point', 'coordinates': [-105.274628, 40.019299]}",40.019299,-105.274628,Central Desktop,-0.0,50,0.7509115368,0.11764705882352941,0.8685585956235294
1440,5d62ddee087b7af24faa3be9,21000.0,software,"{'type': 'Point', 'coordinates': [-118.3864712, 33.903022]}",33.903022,-118.3864712,Infobright,-0.0,50,0.8440888371,0.0196078431372549,0.863696680237255
885,5d62ddee087b7af24faa39bd,16000.0,ecommerce,"{'type': 'Point', 'coordinates': [77.5922642, 12.9561278]}",12.9561278,77.5922642,Wishabi,-0.0,50,0.8210251505,0.0392156862745098,0.8602408367745098
46,5d62ddee087b7af24faa3676,1310.0,enterprise,"{'type': 'Point', 'coordinates': [-122.399646, 37.794649]}",37.794649,-122.399646,Scrybe,-0.05,20,0.2435095235,0.6666666666666666,0.8601761901666667
1499,5d62ddee087b7af24faa3c24,19100.0,enterprise,"{'type': 'Point', 'coordinates': [15.0916839, 37.5186215]}",37.5186215,15.0916839,ExtraHop Networks,-0.0,50,0.8360456122,0.0196078431372549,0.8556534553372549
1359,5d62ddee087b7af24faa3b98,15100.0,software,"{'type': 'Point', 'coordinates': [-83.9902648, 33.9585714]}",33.9585714,-83.9902648,AppZero,-0.0,50,0.8161149518,0.0392156862745098,0.8553306380745098
1249,5d62ddee087b7af24faa3b2a,11700.0,software,"{'type': 'Point', 'coordinates': [-117.7306817, 33.5842816]}",33.5842816,-117.7306817,Ginger Software,-0.0,50,0.7944784933,0.058823529411764705,0.8533020227117647
1391,5d62ddee087b7af24faa3bb8,27734.45,network_hosting,"{'type': 'Point', 'coordinates': [-73.990967, 40.73343]}",40.73343,-73.990967,Gridstore,-0.0,31,0.5379615963,0.3137254901960784,0.8516870864960784
779,5d62ddee087b7af24faa3953,0.0,search,"{'type': 'Point', 'coordinates': [-122.400591, 37.782163]}",37.782163,-122.400591,Brick Marketing,-0.05,10,0.0169627267,0.8823529411764706,0.8493156678764706
1254,5d62ddee087b7af24faa3b2f,14000.0,enterprise,"{'type': 'Point', 'coordinates': [-111.909805, 33.487056]}",33.487056,-111.909805,Visage Mobile,-0.0,51,0.8258938653,0.0196078431372549,0.8455017084372549
846,5d62ddee087b7af24faa3996,0.0,consulting,"{'type': 'Point', 'coordinates': [-73.989586, 40.7440142]}",40.7440142,-73.989586,Papercheck,-0.0,35,0.0593695436,0.7843137254901961,0.8436832690901961
1177,5d62ddee087b7af24faa3ae2,10000.0,software,"{'type': 'Point', 'coordinates': [2.3210845, 48.8880862]}",48.8880862,2.3210845,WebLayers,-0.0,50,0.7811624349,0.058823529411764705,0.8399859643117648
1488,5d62ddee087b7af24faa3c19,14500.0,analytics,"{'type': 'Point', 'coordinates': [77.6102811, 12.9959332]}",12.9959332,77.6102811,Chartbeat,-0.0,50,0.8126760902,0.0196078431372549,0.8322839333372549
1549,5d62ddee087b7af24faa3c56,0.0,software,"{'type': 'Point', 'coordinates': [-73.98618, 40.743877]}",40.743877,-73.98618,Stream57,-0.0,50,0.0848136337,0.7450980392156863,0.8299116729156863
445,5d62ddee087b7af24faa3805,0.0,web,"{'type': 'Point', 'coordinates': [-122.4001578, 37.7878037]}",37.7878037,-122.4001578,PerfectBusiness,-0.05,10,0.0169627267,0.8627450980392157,0.8297078247392158
211,5d62ddee087b7af24faa371b,11000.0,enterprise,"{'type': 'Point', 'coordinates': [-121.970209, 37.374659]}",37.374659,-121.970209,Wrike,-0.0,50,0.7892460375,0.0392156862745098,0.8284617237745098
1518,5d62ddee087b7af24faa3c37,0.0,mobile,"{'type': 'Point', 'coordinates': [-73.9815793, 40.7488761]}",40.7488761,-73.9815793,MicroMedia,-0.0,25,0.0424068169,0.7843137254901961,0.8267205423901961
189,5d62ddee087b7af24faa3705,0.0,web,"{'type': 'Point', 'coordinates': [-73.991562, 40.747003]}",40.747003,-73.991562,Participatory Culture Foundation,-0.0,11,0.0186589994,0.803921568627451,0.822580568027451
22,5d62ddee087b7af24faa365e,16000.0,web,"{'type': 'Point', 'coordinates': [-122.392142, 37.782263]}",37.782263,-122.392142,Seesmic,-0.0,13,0.2134665391,0.6078431372549019,0.8213096763549019
47,5d62ddee087b7af24faa3677,28300.0,web,"{'type': 'Point', 'coordinates': [-105.276843, 40.010492]}",40.010492,-105.276843,Flock,-0.0,40,0.6955136663,0.11764705882352941,0.8131607251235294
7,5d62ddee087b7af24faa364f,21000.0,web,"{'type': 'Point', 'coordinates': [-118.487267, 34.017606]}",34.017606,-118.487267,Mahalo,-0.0,40,0.6752710697,0.13725490196078433,0.8125259716607842
1595,5d62ddee087b7af24faa3c84,156000.0,network_hosting,"{'type': 'Point', 'coordinates': [100.882017, 12.9327554]}",12.9327554,100.882017,ExteNet Systems,-0.0,39,0.7910514019,0.0196078431372549,0.810659245037255
1592,5d62ddee087b7af24faa3c81,156000.0,network_hosting,"{'type': 'Point', 'coordinates': [100.5517604, 13.7424752]}",13.7424752,100.5517604,ExteNet Systems,-0.0,39,0.7910514019,0.0196078431372549,0.810659245037255
225,5d62ddee087b7af24faa3729,62800.0,security,"{'type': 'Point', 'coordinates': [-77.043194, 38.901279]}",38.901279,-77.043194,AnchorFree,-0.0,40,0.7495971675,0.058823529411764705,0.8084206969117648
488,5d62ddee087b7af24faa3830,29800.0,web,"{'type': 'Point', 'coordinates': [-97.880286, 30.181709]}",30.181709,-97.880286,BountyJobs,-0.0,45,0.786395176,0.0196078431372549,0.8060030191372549
904,5d62ddee087b7af24faa39d0,10200.0,real_estate,"{'type': 'Point', 'coordinates': [-75.9200142, 45.3479463]}",45.3479463,-75.9200142,Zoopla,-0.0,50,0.7828419676,0.0196078431372549,0.802449810737255
741,5d62ddee087b7af24faa392d,10000.0,enterprise,"{'type': 'Point', 'coordinates': [-122.044025, 37.51821]}",37.51821,-122.044025,ConnectSolutions,-0.0,50,0.7811624349,0.0196078431372549,0.800770278037255
667,5d62ddee087b7af24faa38e3,10000.0,software,"{'type': 'Point', 'coordinates': [-86.707805, 33.430111]}",33.430111,-86.707805,Likewise Software,-0.0,50,0.7811624349,0.0196078431372549,0.800770278037255
253,5d62ddee087b7af24faa3745,10000.0,advertising,"{'type': 'Point', 'coordinates': [-86.776051, 36.030702]}",36.030702,-86.776051,Spongecell,-0.0,50,0.7811624349,0.0196078431372549,0.800770278037255
693,5d62ddee087b7af24faa38fd,10000.0,software,"{'type': 'Point', 'coordinates': [67.0806218, 24.9068278]}",24.9068278,67.0806218,Likewise Software,-0.0,50,0.7811624349,0.0196078431372549,0.800770278037255
56,5d62ddee087b7af24faa3680,4000.0,web,"{'type': 'Point', 'coordinates': [-122.419204, 37.775196]}",37.775196,-122.419204,Docstoc,-0.0,40,0.5627587907,0.23529411764705882,0.7980529083470589
466,5d62ddee087b7af24faa381a,26500.0,software,"{'type': 'Point', 'coordinates': [-73.207641, 44.468055]}",44.468055,-73.207641,Boxee,-0.0,45,0.7774365413,0.0196078431372549,0.7970443844372549
342,5d62ddee087b7af24faa379e,1000.0,network_hosting,"{'type': 'Point', 'coordinates': [-122.405081, 37.785792]}",37.785792,-122.405081,Memopal,-0.05,12,0.1406092383,0.7058823529411765,0.7964915912411765
685,5d62ddee087b7af24faa38f5,9300.0,software,"{'type': 'Point', 'coordinates': [88.416152, 22.582303]}",22.582303,88.416152,UBmatrix,-0.0,50,0.7750074507,0.0196078431372549,0.7946152938372549
696,5d62ddee087b7af24faa3900,9300.0,software,"{'type': 'Point', 'coordinates': [7.066468, 50.710267]}",50.710267,7.066468,UBmatrix,-0.0,50,0.7750074507,0.0196078431372549,0.7946152938372549
1389,5d62ddee087b7af24faa3bb6,9000.0,software,"{'type': 'Point', 'coordinates': [77.6503104, 13.014823]}",13.014823,77.6503104,IGLOO Software,-0.0,50,0.7722264267,0.0196078431372549,0.7918342698372549
113,5d62ddee087b7af24faa36b9,2500.0,mobile,"{'type': 'Point', 'coordinates': [-122.4020276, 37.7891288]}",37.7891288,-122.4020276,Flixwagon,-0.05,10,0.1327171545,0.7058823529411765,0.7885995074411765
848,5d62ddee087b7af24faa3998,0.0,search,"{'type': 'Point', 'coordinates': [-73.992402, 40.748047]}",40.748047,-73.992402,Artiklz,-0.0,12,0.0203552721,0.7647058823529411,0.7850611544529411
271,5d62ddee087b7af24faa3757,0.0,advertising,"{'type': 'Point', 'coordinates': [-73.987949, 40.744402]}",40.744402,-73.987949,Honeypot Marketing,-0.0,12,0.0203552721,0.7647058823529411,0.7850611544529411
1703,5d62ddee087b7af24faa3cf0,8000.0,web,"{'type': 'Point', 'coordinates': [-118.448703, 34.15084]}",34.15084,-118.448703,isango!,-0.0,50,0.7622368194,0.0196078431372549,0.7818446625372549
854,5d62ddee087b7af24faa399e,0.0,software,"{'type': 'Point', 'coordinates': [-73.987764, 40.744618]}",40.744618,-73.987764,MaxPowerSoft,-0.0,10,0.0169627267,0.7647058823529411,0.7816686090529411
1618,5d62ddee087b7af24faa3c9b,0.0,web,"{'type': 'Point', 'coordinates': [-73.993035, 40.746514]}",40.746514,-73.993035,kontoblick,-0.0,10,0.0169627267,0.7647058823529411,0.7816686090529411
1594,5d62ddee087b7af24faa3c83,3010.0,software,"{'type': 'Point', 'coordinates': [-0.0994596, 51.5203268]}",51.5203268,-0.0994596,Servo Software,-0.0,40,0.5434650947,0.23529411764705882,0.7787592123470588
201,5d62ddee087b7af24faa3711,5500.0,web,"{'type': 'Point', 'coordinates': [-122.400934, 37.776878]}",37.776878,-122.400934,Invoke Solutions,-0.0,25,0.3652288532,0.4117647058823529,0.7769935590823529
152,5d62ddee087b7af24faa36e0,0.0,software,"{'type': 'Point', 'coordinates': [-73.983963, 40.744639]}",40.744639,-73.983963,uVuMobile,-0.0,26,0.0441030895,0.7254901960784313,0.7695932855784313
578,5d62ddee087b7af24faa388a,0.0,software,"{'type': 'Point', 'coordinates': [-122.401241, 37.791648]}",37.791648,-122.401241,Vimukti Tehnologies,-0.05,40,0.067850907,0.7450980392156863,0.7629489462156863
910,5d62ddee087b7af24faa39d6,940.0,software,"{'type': 'Point', 'coordinates': [-73.974674, 40.754608]}",40.754608,-73.974674,Brickfish,-0.0,30,0.348374369,0.4117647058823529,0.7601390748823529
561,5d62ddee087b7af24faa3879,0.0,other,"{'type': 'Point', 'coordinates': [-122.401942, 37.791068]}",37.791068,-122.401942,Bizcard,-0.05,24,0.0407105442,0.7647058823529411,0.7554164265529412
682,5d62ddee087b7af24faa38f2,3270.0,travel,"{'type': 'Point', 'coordinates': [-73.991123, 40.753931]}",40.753931,-73.991123,UsingMiles,-0.0,15,0.205907451,0.5490196078431373,0.7549270588431373
384,5d62ddee087b7af24faa37c8,9017.25,enterprise,"{'type': 'Point', 'coordinates': [-122.343679, 37.580304]}",37.580304,-122.343679,ScribbleLive,-0.0,45,0.6951499475,0.058823529411764705,0.7539734769117648
94,5d62ddee087b7af24faa36a6,10500.0,web,"{'type': 'Point', 'coordinates': [-122.296342, 37.8454819]}",37.8454819,-122.296342,Disqus,-0.0,43,0.6753584351,0.0784313725490196,0.7537898076490197
1348,5d62ddee087b7af24faa3b8d,5500.0,consulting,"{'type': 'Point', 'coordinates': [-119.749721, 39.444421]}",39.444421,-119.749721,Enclarity,-0.0,50,0.7304577064,0.0196078431372549,0.7500655495372549
1092,5d62ddee087b7af24faa3a8d,0.0,other,"{'type': 'Point', 'coordinates': [-122.4021988, 37.7900992]}",37.7900992,-122.4021988,TicketCity,-0.05,32,0.0542807256,0.7450980392156863,0.7493787648156863
810,5d62ddee087b7af24faa3972,22000.0,software,"{'type': 'Point', 'coordinates': [5.387345, 43.30758]}",43.30758,5.387345,Right90,-0.0,43,0.729309557,0.0196078431372549,0.7489174001372549
4,5d62ddee087b7af24faa364c,5580.0,social,"{'type': 'Point', 'coordinates': [-73.985506, 40.757929]}",40.757929,-73.985506,MeetMoi,-0.0,15,0.219504742,0.5294117647058824,0.7489165067058824
699,5d62ddee087b7af24faa3903,5390.0,software,"{'type': 'Point', 'coordinates': [-80.521246, 43.474686]}",43.474686,-80.521246,Atigeo,-0.0,50,0.7287442414,0.0196078431372549,0.748352084537255
683,5d62ddee087b7af24faa38f3,5390.0,software,"{'type': 'Point', 'coordinates': [4.958736, 51.321354]}",51.321354,4.958736,Atigeo,-0.0,50,0.7287442414,0.0196078431372549,0.748352084537255
458,5d62ddee087b7af24faa3812,45600.0,software,"{'type': 'Point', 'coordinates': [-3.650703, 40.455219]}",40.455219,-3.650703,Zenoss,-0.0,40,0.7278816641,0.0196078431372549,0.7474895072372549
79,5d62ddee087b7af24faa3697,5000.0,web,"{'type': 'Point', 'coordinates': [-73.976348, 40.756799]}",40.756799,-73.976348,Viewpoints,-0.0,15,0.2167122311,0.5294117647058824,0.7461239958058824
1411,5d62ddee087b7af24faa3bcc,40175.15,other,"{'type': 'Point', 'coordinates': [-121.890153, 37.335003]}",37.335003,-121.890153,Kiala,-0.0,37,0.6653411514,0.0784313725490196,0.7437725239490196
35,5d62ddee087b7af24faa366b,17500.0,advertising,"{'type': 'Point', 'coordinates': [-122.321836, 37.55909]}",37.55909,-122.321836,ScanScout,-0.0,40,0.6629003867,0.0784313725490196,0.7413317592490196
1158,5d62ddee087b7af24faa3acf,0.0,software,"{'type': 'Point', 'coordinates': [-122.3979712, 37.7934643]}",37.7934643,-122.3979712,Adeptia,-0.05,50,0.0848136337,0.7058823529411765,0.7406959866411765
467,5d62ddee087b7af24faa381b,0.0,web,"{'type': 'Point', 'coordinates': [-122.401942, 37.791068]}",37.791068,-122.401942,NeighborCity,-0.05,15,0.0254440901,0.7647058823529411,0.7401499724529411
945,5d62ddee087b7af24faa39f9,39800.0,analytics,"{'type': 'Point', 'coordinates': [-95.308391, 29.685897]}",29.685897,-95.308391,Xeround,-0.0,40,0.7186511721,0.0196078431372549,0.7382590152372549
1015,5d62ddee087b7af24faa3a40,0.0,software,"{'type': 'Point', 'coordinates': [-122.401736, 37.789778]}",37.789778,-122.401736,Intelligent Software Company,-0.05,25,0.0424068169,0.7450980392156863,0.7375048561156863
1632,5d62ddee087b7af24faa3ca9,9050.0,software,"{'type': 'Point', 'coordinates': [-0.1038219, 51.5215279]}",51.5215279,-0.1038219,Aria Networks,-0.0,35,0.5408874167,0.19607843137254902,0.736965848072549
310,5d62ddee087b7af24faa377e,18500.0,advertising,"{'type': 'Point', 'coordinates': [-104.959446, 39.653054]}",39.653054,-104.959446,Triggit,-0.0,43,0.7166711653,0.0196078431372549,0.7362790084372549
49,5d62ddee087b7af24faa3679,0.0,web,"{'type': 'Point', 'coordinates': [-122.397593, 37.789488]}",37.789488,-122.397593,Social Platform,-0.05,12,0.0203552721,0.7647058823529411,0.7350611544529411
164,5d62ddee087b7af24faa36ec,0.0,web,"{'type': 'Point', 'coordinates': [-122.40094, 37.790485]}",37.790485,-122.40094,Ownersite Technologies,-0.05,10,0.0169627267,0.7647058823529411,0.7316686090529412
1016,5d62ddee087b7af24faa3a41,4000.0,software,"{'type': 'Point', 'coordinates': [-82.485057, 27.445135]}",27.445135,-82.485057,Virtual Bridges,-0.0,45,0.6331036395,0.09803921568627451,0.7311428551862745
287,5d62ddee087b7af24faa3767,11100.0,software,"{'type': 'Point', 'coordinates': [-79.924117, 36.08901]}",36.08901,-79.924117,Memeo,-0.0,45,0.7110122283,0.0196078431372549,0.7306200714372549
1668,5d62ddee087b7af24faa3ccd,3420.0,network_hosting,"{'type': 'Point', 'coordinates': [-97.7430608, 30.267153]}",30.267153,-97.7430608,InteliCloud,-0.0,40,0.5521296876,0.17647058823529413,0.7286002758352942
1372,5d62ddee087b7af24faa3ba5,10800.0,software,"{'type': 'Point', 'coordinates': [10.7637668, 59.915256]}",59.915256,10.7637668,Optify,-0.0,45,0.7089208024,0.0196078431372549,0.7285286455372549
1159,5d62ddee087b7af24faa3ad0,10700.0,software,"{'type': 'Point', 'coordinates': [-74.115851, 41.119452]}",41.119452,-74.115851,Stratavia,-0.0,45,0.7082107296,0.0196078431372549,0.7278185727372549
746,5d62ddee087b7af24faa3932,4200.0,advertising,"{'type': 'Point', 'coordinates': [152.778976, -27.621592]}",-27.621592,152.778976,Inuvo,-0.0,50,0.7075865595,0.0196078431372549,0.727194402637255
429,5d62ddee087b7af24faa37f5,0.0,public_relations,"{'type': 'Point', 'coordinates': [-73.993274, 40.743563]}",40.743563,-73.993274,Ladies Who Launch,-0.0,12,0.0203552721,0.7058823529411765,0.7262376250411765
1590,5d62ddee087b7af24faa3c7f,4130.0,medical,"{'type': 'Point', 'coordinates': [121.4137257, 31.2366983]}",31.2366983,121.4137257,drchrono,-0.0,50,0.7061610867,0.0196078431372549,0.7257689298372549
1153,5d62ddee087b7af24faa3aca,0.0,software,"{'type': 'Point', 'coordinates': [-73.9844611, 40.7429533]}",40.7429533,-73.9844611,AutoClaims Direct,-0.0,34,0.0576732709,0.6666666666666666,0.7243399375666666
457,5d62ddee087b7af24faa3811,31000.0,cleantech,"{'type': 'Point', 'coordinates': [24.768664, 59.437214]}",59.437214,24.768664,Firefly Energy,-0.0,40,0.7016966073,0.0196078431372549,0.721304450437255
918,5d62ddee087b7af24faa39de,0.0,other,"{'type': 'Point', 'coordinates': [-73.980737, 40.7537339]}",40.7537339,-73.980737,India Movers Packers,-0.0,30,0.0508881802,0.6666666666666666,0.7175548468666666
1256,5d62ddee087b7af24faa3b31,3100.0,mobile,"{'type': 'Point', 'coordinates': [151.24502, -33.890832]}",-33.890832,151.24502,Mobifusion,-0.0,51,0.6954667534,0.0196078431372549,0.7150745965372549
1036,5d62ddee087b7af24faa3a55,0.0,web,"{'type': 'Point', 'coordinates': [-122.401353, 37.792796]}",37.792796,-122.401353,Editor,-0.05,11,0.0186589994,0.7450980392156863,0.7137570386156863
318,5d62ddee087b7af24faa3786,0.0,web,"{'type': 'Point', 'coordinates': [-73.9823449, 40.7455579]}",40.7455579,-73.9823449,Techrigy,-0.0,15,0.0254440901,0.6862745098039216,0.7117185999039216
175,5d62ddee087b7af24faa36f7,29300.0,web,"{'type': 'Point', 'coordinates': [-122.402609, 37.800356]}",37.800356,-122.402609,Inform Technologies,-0.0,26,0.4536153942,0.2549019607843137,0.7085173549843138
87,5d62ddee087b7af24faa369f,17800.0,advertising,"{'type': 'Point', 'coordinates': [-122.347533, 47.620716]}",47.620716,-122.347533,AdReady,-0.0,33,0.5478442923,0.1568627450980392,0.7047070373980392
860,5d62ddee087b7af24faa39a4,0.0,web,"{'type': 'Point', 'coordinates': [-73.990853, 40.743165]}",40.743165,-73.990853,VIrtualVu,-0.0,10,0.0169627267,0.6862745098039216,0.7032372365039216
125,5d62ddee087b7af24faa36c5,11000.0,network_hosting,"{'type': 'Point', 'coordinates': [-122.323408, 47.615313]}",47.615313,-122.323408,WAYN,-0.0,42,0.6629666715,0.0392156862745098,0.7021823577745098
9,5d62ddee087b7af24faa3651,88700.0,mobile,"{'type': 'Point', 'coordinates': [-122.173887, 37.480999]}",37.480999,-122.173887,Jingle Networks,-0.0,35,0.6763981109,0.0196078431372549,0.696005954037255
484,5d62ddee087b7af24faa382c,20900.0,software,"{'type': 'Point', 'coordinates': [-111.926112, 33.465063]}",33.465063,-111.926112,CrestaTech,-0.0,40,0.6749471984,0.0196078431372549,0.6945550415372549
1259,5d62ddee087b7af24faa3b34,0.0,web,"{'type': 'Point', 'coordinates': [-122.405863, 37.789833]}",37.789833,-122.405863,Bywave,-0.05,10,0.0169627267,0.7254901960784313,0.6924529227784313
724,5d62ddee087b7af24faa391c,0.0,network_hosting,"{'type': 'Point', 'coordinates': [-122.404086, 37.792821]}",37.792821,-122.404086,Aventure Host,-0.05,10,0.0169627267,0.7254901960784313,0.6924529227784313
1204,5d62ddee087b7af24faa3afd,0.0,consulting,"{'type': 'Point', 'coordinates': [-73.99211, 40.752224]}",40.752224,-73.99211,Efebege,-0.0,15,0.0254440901,0.6666666666666666,0.6921107567666667
277,5d62ddee087b7af24faa375d,0.0,software,"{'type': 'Point', 'coordinates': [-122.4013624, 37.7893215]}",37.7893215,-122.4013624,Protecode,-0.05,20,0.0339254535,0.7058823529411765,0.6898078064411766
345,5d62ddee087b7af24faa37a1,0.0,software,"{'type': 'Point', 'coordinates': [-122.396818, 37.78054]}",37.78054,-122.396818,TechAnts,-0.0,13,0.0220515448,0.6666666666666666,0.6887182114666667
149,5d62ddee087b7af24faa36dd,23500.0,software,"{'type': 'Point', 'coordinates': [-77.0978424, 38.9892639]}",38.9892639,-77.0978424,Bungee Labs,-0.0,38,0.6487576627,0.0392156862745098,0.6879733489745098
92,5d62ddee087b7af24faa36a4,2500.0,network_hosting,"{'type': 'Point', 'coordinates': [-104.894986, 39.613859]}",39.613859,-104.894986,BitGravity,-0.0,50,0.6635857727,0.0196078431372549,0.6831936158372549
1515,5d62ddee087b7af24faa3c34,0.0,software,"{'type': 'Point', 'coordinates': [-73.9907472, 40.73998]}",40.73998,-73.9907472,Trackset,-0.0,30,0.0508881802,0.6274509803921569,0.6783391605921568
103,5d62ddee087b7af24faa36af,15600.0,enterprise,"{'type': 'Point', 'coordinates': [-71.146011, 42.38941]}",42.38941,-71.146011,LucidEra,-0.0,40,0.6551022842,0.0196078431372549,0.674710127337255
91,5d62ddee087b7af24faa36a3,17900.0,web,"{'type': 'Point', 'coordinates': [-122.296411, 37.838225]}",37.838225,-122.296411,JibJab,-0.0,37,0.6146012703,0.058823529411764705,0.6734247997117647
549,5d62ddee087b7af24faa386d,2218.76,other,"{'type': 'Point', 'coordinates': [78.486671, 17.385044]}",17.385044,78.486671,mmCHANNEL,-0.0,50,0.6534639227,0.0196078431372549,0.6730717658372549
622,5d62ddee087b7af24faa38b6,0.0,mobile,"{'type': 'Point', 'coordinates': [-73.993376, 40.740441]}",40.740441,-73.993376,db4objects,-0.0,50,0.0848136337,0.5882352941176471,0.673048927817647
545,5d62ddee087b7af24faa3869,0.0,advertising,"{'type': 'Point', 'coordinates': [-122.39736, 37.794043]}",37.794043,-122.39736,Meetweb,-0.05,10,0.0169627267,0.7058823529411765,0.6728450796411765
1381,5d62ddee087b7af24faa3bae,57300.0,advertising,"{'type': 'Point', 'coordinates': [-71.256461, 42.409853]}",42.409853,-71.256461,Simulmedia,-0.0,35,0.6504560387,0.0196078431372549,0.670063881837255
449,5d62ddee087b7af24faa3809,1250.0,web,"{'type': 'Point', 'coordinates': [-73.97917, 40.754211]}",40.754211,-73.97917,SquareClock,-0.0,10,0.1209594883,0.5490196078431373,0.6699790961431373
1555,5d62ddee087b7af24faa3c5c,5000.0,games_video,"{'type': 'Point', 'coordinates': [-122.845783, 49.198812]}",49.198812,-122.845783,Busca Corp,-0.0,45,0.6501366934,0.0196078431372549,0.669744536537255
1546,5d62ddee087b7af24faa3c53,14100.0,software,"{'type': 'Point', 'coordinates': [-74.651262, 40.364045]}",40.364045,-74.651262,FTRANS,-0.0,40,0.648242821,0.0196078431372549,0.6678506641372549
1237,5d62ddee087b7af24faa3b1e,18000.0,advertising,"{'type': 'Point', 'coordinates': [-122.2850112, 47.6023367]}",47.6023367,-122.2850112,TRAFFIQ,-0.0,39,0.6481915111,0.0196078431372549,0.6677993542372549
207,5d62ddee087b7af24faa3717,9650.0,web,"{'type': 'Point', 'coordinates': [-73.9939213, 40.7387945]}",40.7387945,-73.9939213,Krillion,-0.0,10,0.1556281529,0.5098039215686274,0.6654320744686274
728,5d62ddee087b7af24faa3920,0.0,advertising,"{'type': 'Point', 'coordinates': [-73.987794, 40.740512]}",40.740512,-73.987794,GreenLogic India Tecnologies,-0.0,10,0.0169627267,0.6470588235294118,0.6640215502294118
706,5d62ddee087b7af24faa390a,20500.0,software,"{'type': 'Point', 'coordinates': [-97.7443863, 30.2729209]}",30.2729209,-97.7443863,MetaPack,-0.0,30,0.5052270217,0.1568627450980392,0.6620897667980392
403,5d62ddee087b7af24faa37db,12757.85,mobile,"{'type': 'Point', 'coordinates': [-118.33433, 33.827405]}",33.827405,-118.33433,gate5,-0.0,40,0.6414558285,0.0196078431372549,0.661063671637255
1012,5d62ddee087b7af24faa3a3d,12700.0,software,"{'type': 'Point', 'coordinates': [17.9348818, 59.4064174]}",59.4064174,17.9348818,Verix,-0.0,40,0.6411474614,0.0196078431372549,0.660755304537255
858,5d62ddee087b7af24faa39a2,0.0,consulting,"{'type': 'Point', 'coordinates': [-122.394958, 37.781262]}",37.781262,-122.394958,AMF Ventures,-0.0,18,0.0305329081,0.6274509803921569,0.6579838884921568
1621,5d62ddee087b7af24faa3c9e,19000.0,enterprise,"{'type': 'Point', 'coordinates': [-76.362583, 40.045238]}",40.045238,-76.362583,SensorLogic,-0.0,38,0.6350563004,0.0196078431372549,0.654664143537255
291,5d62ddee087b7af24faa376b,1200.0,software,"{'type': 'Point', 'coordinates': [-73.992152, 40.754698]}",40.754698,-73.992152,Mirror42,-0.0,15,0.180400554,0.47058823529411764,0.6509887892941176
359,5d62ddee087b7af24faa37af,350.0,software,"{'type': 'Point', 'coordinates': [-122.391515, 37.781264]}",37.781264,-122.391515,Dezide,-0.0,12,0.1192398233,0.5294117647058824,0.6486515880058824
1380,5d62ddee087b7af24faa3bad,10200.0,advertising,"{'type': 'Point', 'coordinates': [115.89084, -31.97822]}",-31.97822,115.89084,Cognitive Match,-0.0,40,0.6262735741,0.0196078431372549,0.6458814172372549
122,5d62ddee087b7af24faa36c2,19400.0,education,"{'type': 'Point', 'coordinates': [-123.095238, 49.285173]}",49.285173,-123.095238,Livemocha,-0.0,35,0.5861571869,0.058823529411764705,0.6449807163117647
906,5d62ddee087b7af24faa39d2,0.0,network_hosting,"{'type': 'Point', 'coordinates': [-73.994203, 40.748634]}",40.748634,-73.994203,North Storm Media Networks,-0.0,10,0.0169627267,0.6274509803921569,0.6444137070921568
804,5d62ddee087b7af24faa396c,0.0,other,"{'type': 'Point', 'coordinates': [-73.985207, 40.740145]}",40.740145,-73.985207,302designs,-0.0,10,0.0169627267,0.6274509803921569,0.6444137070921568
216,5d62ddee087b7af24faa3720,0.0,web,"{'type': 'Point', 'coordinates': [-73.9930489, 40.73993]}",40.73993,-73.9930489,OneSwirl,-0.0,20,0.0339254535,0.6078431372549019,0.6417685907549019
1516,5d62ddee087b7af24faa3c35,0.0,software,"{'type': 'Point', 'coordinates': [-122.392342, 37.782862]}",37.782862,-122.392342,Trackset,-0.0,30,0.0508881802,0.5882352941176471,0.639123474317647
1130,5d62ddee087b7af24faa3ab3,1400.0,cleantech,"{'type': 'Point', 'coordinates': [-71.8488194, 42.2557234]}",42.2557234,-71.8488194,EcoVadis,-0.0,50,0.6144092592,0.0196078431372549,0.634017102337255
645,5d62ddee087b7af24faa38cd,3757.19,ecommerce,"{'type': 'Point', 'coordinates': [-86.796377, 36.13996]}",36.13996,-86.796377,Terapeak,-0.0,44,0.6143607379,0.0196078431372549,0.633968581037255
34,5d62ddee087b7af24faa366a,8500.0,software,"{'type': 'Point', 'coordinates': [-97.5736, 35.612679]}",35.612679,-97.5736,GoingOn,-0.0,40,0.6139028911,0.0196078431372549,0.6335107342372549
562,5d62ddee087b7af24faa387a,6150.0,advertising,"{'type': 'Point', 'coordinates': [-77.046498, 38.802365]}",38.802365,-77.046498,AdScale,-0.0,40,0.5919453822,0.0392156862745098,0.6311610684745098
1139,5d62ddee087b7af24faa3abc,15310.65,web,"{'type': 'Point', 'coordinates': [-0.1158832, 51.5123833]}",51.5123833,-0.1158832,mydeco,-0.0,35,0.5721029673,0.058823529411764705,0.6309264967117647
1656,5d62ddee087b7af24faa3cc1,2980.0,software,"{'type': 'Point', 'coordinates': [-74.009311, 40.732225]}",40.732225,-74.009311,The Resumator,-0.05,40,0.5427854472,0.13725490196078433,0.6300403491607843
1046,5d62ddee087b7af24faa3a5f,29100.0,software,"{'type': 'Point', 'coordinates': [2.3216223, 48.8545738]}",48.8545738,2.3216223,expressor software,-0.0,35,0.6102294653,0.0196078431372549,0.6298373084372549
1485,5d62ddee087b7af24faa3c16,7900.0,analytics,"{'type': 'Point', 'coordinates': [-82.504803, 28.031821]}",28.031821,-82.504803,tracx,-0.0,40,0.6089359738,0.0196078431372549,0.6285438169372549
1486,5d62ddee087b7af24faa3c17,7900.0,analytics,"{'type': 'Point', 'coordinates': [-3.6845894, 40.458178]}",40.458178,-3.6845894,tracx,-0.0,40,0.6089359738,0.0196078431372549,0.6285438169372549
714,5d62ddee087b7af24faa3912,28000.0,hardware,"{'type': 'Point', 'coordinates': [-118.4104684, 34.1030032]}",34.1030032,-118.4104684,VideoSurf,-0.0,35,0.6079417393,0.0196078431372549,0.6275495824372549
121,5d62ddee087b7af24faa36c1,9150.0,software,"{'type': 'Point', 'coordinates': [-118.371279, 34.096359]}",34.096359,-118.371279,4Home,-0.0,36,0.5570124025,0.058823529411764705,0.6158359319117647
1405,5d62ddee087b7af24faa3bc6,122000.0,biotech,"{'type': 'Point', 'coordinates': [-122.036301, 37.382162]}",37.382162,-122.036301,BioVex,-0.0,29,0.5761246183,0.0392156862745098,0.6153403045745097
1718,5d62ddee087b7af24faa3cff,0.0,advertising,"{'type': 'Point', 'coordinates': [-73.986951, 40.756054]}",40.756054,-73.986951,Copybook Solutions,-0.0,50,0.0848136337,0.5294117647058824,0.6142253984058823
348,5d62ddee087b7af24faa37a4,0.0,mobile,"{'type': 'Point', 'coordinates': [-73.993367, 40.740162]}",40.740162,-73.993367,Squace,-0.0,15,0.0254440901,0.5882352941176471,0.6136793842176471
183,5d62ddee087b7af24faa36ff,4250.0,analytics,"{'type': 'Point', 'coordinates': [-122.077597, 37.391727]}",37.391727,-122.077597,ModiFace,-0.0,35,0.496013198,0.11764705882352941,0.6136602568235294
44,5d62ddee087b7af24faa3674,34000.0,finance,"{'type': 'Point', 'coordinates': [-122.228843, 37.491356]}",37.491356,-122.228843,Techstars,-0.0,30,0.5309731657,0.0784313725490196,0.6094045382490196
579,5d62ddee087b7af24faa388b,0.0,software,"{'type': 'Point', 'coordinates': [-73.993182, 40.741179]}",40.741179,-73.993182,ArtistForce,-0.0,12,0.0203552721,0.5882352941176471,0.6085905662176471
248,5d62ddee087b7af24faa3740,5230.0,games_video,"{'type': 'Point', 'coordinates': [-74.0057125, 40.727425]}",40.727425,-74.0057125,Cellufun,-0.05,30,0.435713075,0.21568627450980393,0.601399349509804
1607,5d62ddee087b7af24faa3c90,17000.0,cleantech,"{'type': 'Point', 'coordinates': [-80.4176542, 26.1379914]}",26.1379914,-80.4176542,SkyFuel,-0.0,35,0.5783168615,0.0196078431372549,0.5979247046372549
1033,5d62ddee087b7af24faa3a52,0.0,web,"{'type': 'Point', 'coordinates': [-73.9789451, 40.7543489]}",40.7543489,-73.9789451,Webedia,-0.0,50,0.0848136337,0.5098039215686274,0.5946175552686275
559,5d62ddee087b7af24faa3877,0.0,hardware,"{'type': 'Point', 'coordinates': [-122.391061, 37.781689]}",37.781689,-122.391061,StoneFly,-0.0,50,0.0848136337,0.5098039215686274,0.5946175552686275
662,5d62ddee087b7af24faa38de,4750.0,enterprise,"{'type': 'Point', 'coordinates': [-80.3728937, 26.120726]}",26.120726,-80.3728937,Purewire,-0.0,40,0.5744189865,0.0196078431372549,0.594026829637255
77,5d62ddee087b7af24faa3695,27300.0,advertising,"{'type': 'Point', 'coordinates': [-3.435973, 55.378051]}",55.378051,-3.435973,OneRiot,-0.0,32,0.5544581784,0.0392156862745098,0.5936738646745098
1667,5d62ddee087b7af24faa3ccc,3420.0,network_hosting,"{'type': 'Point', 'coordinates': [-121.963705, 37.383777]}",37.383777,-121.963705,InteliCloud,-0.0,40,0.5521296876,0.0392156862745098,0.5913453738745098
1443,5d62ddee087b7af24faa3bec,51400.0,network_hosting,"{'type': 'Point', 'coordinates': [-71.2008408, 42.3622154]}",42.3622154,-71.2008408,Calient Technologies,-0.0,30,0.5520041131,0.0392156862745098,0.5912197993745097
1715,5d62ddee087b7af24faa3cfc,18000.0,biotech,"{'type': 'Point', 'coordinates': [-74.006023, 40.72616]}",40.72616,-74.006023,Innovative Spinal Technologies,-0.05,23,0.3822667886,0.2549019607843137,0.5871687493843137
855,5d62ddee087b7af24faa399f,1941.41,games_video,"{'type': 'Point', 'coordinates': [-71.455658, 42.431652]}",42.431652,-71.455658,Apaja,-0.0,44,0.5650818111,0.0196078431372549,0.5846896542372549
64,5d62ddee087b7af24faa3688,4000.0,network_hosting,"{'type': 'Point', 'coordinates': [4.400604, 50.796645]}",50.796645,4.400604,Fotolog,-0.0,40,0.5627587907,0.0196078431372549,0.582366633837255
154,5d62ddee087b7af24faa36e2,10000.0,web,"{'type': 'Point', 'coordinates': [151.216427, -33.884685]}",-33.884685,151.216427,Snap Technologies,-0.0,32,0.4999439583,0.0784313725490196,0.5783753308490196
96,5d62ddee087b7af24faa36a8,3184.62,search,"{'type': 'Point', 'coordinates': [-122.4194155, 37.7749295]}",37.7749295,-122.4194155,Evi,-0.0,25,0.3420571273,0.23529411764705882,0.5773512449470588
1096,5d62ddee087b7af24faa3a91,0.0,security,"{'type': 'Point', 'coordinates': [-73.986951, 40.756054]}",40.756054,-73.986951,NetCitadel,-0.0,25,0.0424068169,0.5294117647058824,0.5718185816058824
1335,5d62ddee087b7af24faa3b80,0.0,web,"{'type': 'Point', 'coordinates': [-73.987199, 40.738567]}",40.738567,-73.987199,dsignz media,-0.0,25,0.0424068169,0.5294117647058824,0.5718185816058824
1446,5d62ddee087b7af24faa3bef,3328.13,games_video,"{'type': 'Point', 'coordinates': [15.0656891, 37.5672167]}",37.5672167,15.0656891,Owlient,-0.0,40,0.5502821097,0.0196078431372549,0.569889952837255
1451,5d62ddee087b7af24faa3bf4,3328.13,games_video,"{'type': 'Point', 'coordinates': [12.5300957, 41.9442565]}",41.9442565,12.5300957,Owlient,-0.0,40,0.5502821097,0.0196078431372549,0.569889952837255
387,5d62ddee087b7af24faa37cb,0.0,web,"{'type': 'Point', 'coordinates': [-73.991512, 40.753877]}",40.753877,-73.991512,Dotmenu,-0.0,35,0.0593695436,0.5098039215686274,0.5691734651686274
745,5d62ddee087b7af24faa3931,23300.0,network_hosting,"{'type': 'Point', 'coordinates': [-96.820064, 32.800325]}",32.800325,-96.820064,Spectrum Bridge,-0.0,32,0.5458583016,0.0196078431372549,0.565466144737255
104,5d62ddee087b7af24faa36b0,14000.0,mobile,"{'type': 'Point', 'coordinates': [34.7595, 32.0554]}",32.0554,34.7595,Mogreet,-0.0,30,0.4858199207,0.0784313725490196,0.5642512932490196
950,5d62ddee087b7af24faa39fe,0.0,web,"{'type': 'Point', 'coordinates': [-73.986951, 40.756054]}",40.756054,-73.986951,Solid State Group,-0.0,18,0.0305329081,0.5294117647058824,0.5599446728058823
974,5d62ddee087b7af24faa3a16,43500.0,network_hosting,"{'type': 'Point', 'coordinates': [-73.9923918, 40.7283696]}",40.7283696,-73.9923918,SynapSense,-0.0,20,0.3623413562,0.19607843137254902,0.5584197875725491
1014,5d62ddee087b7af24faa3a3f,600.0,other,"{'type': 'Point', 'coordinates': [-122.407603, 37.770067]}",37.770067,-122.407603,Three Melons,-0.0,35,0.3797827942,0.17647058823529413,0.5562533824352941
1501,5d62ddee087b7af24faa3c26,0.0,software,"{'type': 'Point', 'coordinates': [-122.392343, 37.779868]}",37.779868,-122.392343,Objectivity,-0.0,50,0.0848136337,0.47058823529411764,0.5554018689941176
1557,5d62ddee087b7af24faa3c5e,0.0,ecommerce,"{'type': 'Point', 'coordinates': [-73.986951, 40.756054]}",40.756054,-73.986951,edelight,-0.0,15,0.0254440901,0.5294117647058824,0.5548558548058824
1340,5d62ddee087b7af24faa3b85,0.0,ecommerce,"{'type': 'Point', 'coordinates': [-73.986951, 40.756054]}",40.756054,-73.986951,Frosmo,-0.0,15,0.0254440901,0.5294117647058824,0.5548558548058824
757,5d62ddee087b7af24faa393d,17000.0,advertising,"{'type': 'Point', 'coordinates': [2.3602202, 48.8691369]}",48.8691369,2.3602202,Inadco,-0.0,30,0.495700167,0.058823529411764705,0.5545236964117647
331,5d62ddee087b7af24faa3793,8100.0,games_video,"{'type': 'Point', 'coordinates': [-80.143394, 26.119403]}",26.119403,-80.143394,Jinni,-0.0,35,0.5343032929,0.0196078431372549,0.553911136037255
1017,5d62ddee087b7af24faa3a42,0.0,software,"{'type': 'Point', 'coordinates': [-73.9789451, 40.7543489]}",40.7543489,-73.9789451,Intelligent Software Company,-0.0,25,0.0424068169,0.5098039215686274,0.5522107384686274
1444,5d62ddee087b7af24faa3bed,600.0,messaging,"{'type': 'Point', 'coordinates': [-122.3342585, 47.6008008]}",47.6008008,-122.3342585,tolingo,-0.0,40,0.434037479,0.11764705882352941,0.5516845378235294
354,5d62ddee087b7af24faa37aa,7620.0,mobile,"{'type': 'Point', 'coordinates': [-73.609532, 45.539065]}",45.539065,-73.609532,Futurlink,-0.0,35,0.5306765446,0.0196078431372549,0.550284387737255
63,5d62ddee087b7af24faa3687,7400.0,mobile,"{'type': 'Point', 'coordinates': [-111.777531, 40.357978]}",40.357978,-111.777531,PixSense,-0.0,35,0.5289372325,0.0196078431372549,0.548545075637255
223,5d62ddee087b7af24faa3727,7300.0,ecommerce,"{'type': 'Point', 'coordinates': [-122.340435, 47.634741]}",47.634741,-122.340435,Liftopia,-0.0,35,0.5281294711,0.0196078431372549,0.5477373142372549
123,5d62ddee087b7af24faa36c3,14500.0,other,"{'type': 'Point', 'coordinates': [-122.113773, 37.377624]}",37.377624,-122.113773,Widgetbox,-0.0,30,0.4876056541,0.058823529411764705,0.5464291835117647
450,5d62ddee087b7af24faa380a,4000.0,advertising,"{'type': 'Point', 'coordinates': [-122.357317, 47.617732]}",47.617732,-122.357317,ScreenScape Networks,-0.0,29,0.4080001232,0.13725490196078433,0.5452550251607844
1190,5d62ddee087b7af24faa3aef,7000.0,hardware,"{'type': 'Point', 'coordinates': [12.5703398, 55.677733]}",55.677733,12.5703398,Asoka,-0.0,35,0.5256380758,0.0196078431372549,0.5452459189372549
1242,5d62ddee087b7af24faa3b23,2150.0,web,"{'type': 'Point', 'coordinates': [-118.7526699, 34.1078241]}",34.1078241,-118.7526699,burrp!,-0.0,40,0.5206351483,0.0196078431372549,0.540242991437255
1241,5d62ddee087b7af24faa3b22,2150.0,web,"{'type': 'Point', 'coordinates': [4.3904302, 51.2057495]}",51.2057495,4.3904302,burrp!,-0.0,40,0.5206351483,0.0196078431372549,0.540242991437255
421,5d62ddee087b7af24faa37ed,27100.0,mobile,"{'type': 'Point', 'coordinates': [77.181639, 28.642933]}",28.642933,77.181639,Limbo,-0.0,30,0.5194303627,0.0196078431372549,0.5390382058372549
11,5d62ddee087b7af24faa3653,12700.0,web,"{'type': 'Point', 'coordinates': [-122.359397, 47.620982]}",47.620982,-122.359397,SodaHead,-0.0,25,0.4007171634,0.13725490196078433,0.5379720653607843
258,5d62ddee087b7af24faa374a,0.0,web,"{'type': 'Point', 'coordinates': [-73.98459, 40.759243]}",40.759243,-73.98459,Kudzu,-0.0,50,0.0848136337,0.45098039215686275,0.5357940258568628
71,5d62ddee087b7af24faa368f,7100.0,mobile,"{'type': 'Point', 'coordinates': [-0.136174, 51.519819]}",51.519819,-0.136174,GENWI,-0.0,25,0.3760572936,0.1568627450980392,0.5329200386980393
433,5d62ddee087b7af24faa37f9,24000.0,enterprise,"{'type': 'Point', 'coordinates': [-73.424227, 40.775856]}",40.775856,-73.424227,Intelliworks,-0.0,30,0.5132484718,0.0196078431372549,0.5328563149372549
432,5d62ddee087b7af24faa37f8,24000.0,enterprise,"{'type': 'Point', 'coordinates': [-111.9600942, 33.445096]}",33.445096,-111.9600942,Intelliworks,-0.0,30,0.5132484718,0.0196078431372549,0.5328563149372549
361,5d62ddee087b7af24faa37b1,5550.0,games_video,"{'type': 'Point', 'coordinates': [-118.288536, 34.0748]}",34.0748,-118.288536,Sometrics,-0.0,35,0.5118576791,0.0196078431372549,0.531465522237255
235,5d62ddee087b7af24faa3733,7350.0,web,"{'type': 'Point', 'coordinates': [0.130588, 52.197471]}",52.197471,0.130588,Zemanta,-0.0,30,0.4530297648,0.0784313725490196,0.5314611373490197
68,5d62ddee087b7af24faa368c,1900.0,public_relations,"{'type': 'Point', 'coordinates': [-87.63406, 41.890376]}",41.890376,-87.63406,Mozy,-0.0,26,0.332961089,0.19607843137254902,0.529039520372549
110,5d62ddee087b7af24faa36b6,10200.0,social,"{'type': 'Point', 'coordinates': [-0.126236, 51.500152]}",51.500152,-0.126236,Uversity,-0.0,30,0.4697051806,0.058823529411764705,0.5285287100117647
1288,5d62ddee087b7af24faa3b51,7500.0,enterprise,"{'type': 'Point', 'coordinates': [-73.994797, 40.727216]}",40.727216,-73.994797,Outright,-0.05,20,0.3027052292,0.27450980392156865,0.5272150331215686
210,5d62ddee087b7af24faa371a,6640.0,enterprise,"{'type': 'Point', 'coordinates': [24.603189, 56.879635]}",56.879635,24.603189,Gnip,-0.0,34,0.507574801,0.0196078431372549,0.5271826441372549
1025,5d62ddee087b7af24faa3a4a,0.0,public_relations,"{'type': 'Point', 'coordinates': [-73.9789451, 40.7543489]}",40.7543489,-73.9789451,Extanz,-0.0,10,0.0169627267,0.5098039215686274,0.5267666482686274
242,5d62ddee087b7af24faa373a,20300.0,software,"{'type': 'Point', 'coordinates': [-118.419067, 34.044939]}",34.044939,-118.419067,Berkeley Design Automation,-0.0,30,0.504728114,0.0196078431372549,0.5243359571372549
1457,5d62ddee087b7af24faa3bfa,125.0,advertising,"{'type': 'Point', 'coordinates': [-122.163352, 37.444531]}",37.444531,-122.163352,BlitzLocal,-0.0,40,0.3276054663,0.19607843137254902,0.523683897672549
1162,5d62ddee087b7af24faa3ad3,0.0,web,"{'type': 'Point', 'coordinates': [-122.40971, 37.788796]}",37.788796,-122.40971,MPC Studios,-0.05,14,0.0237478174,0.5490196078431373,0.5227674252431374
870,5d62ddee087b7af24faa39ae,24000.0,software,"{'type': 'Point', 'coordinates': [-0.0830772, 51.5246619]}",51.5246619,-0.0830772,Siri,-0.0,19,0.3250573655,0.19607843137254902,0.521135796872549
300,5d62ddee087b7af24faa3774,0.0,software,"{'type': 'Point', 'coordinates': [-122.397044, 37.777513]}",37.777513,-122.397044,Fog Creek Software,-0.0,40,0.067850907,0.45098039215686275,0.5188312991568628
1717,5d62ddee087b7af24faa3cfe,127000.0,biotech,"{'type': 'Point', 'coordinates': [151.002324, -33.815217]}",-33.815217,151.002324,Singulex,-0.0,25,0.4983624677,0.0196078431372549,0.5179703108372549
317,5d62ddee087b7af24faa3785,6950.0,software,"{'type': 'Point', 'coordinates': [-118.335292, 34.155869]}",34.155869,-118.335292,KnowledgeTree,-0.0,33,0.4952003438,0.0196078431372549,0.5148081869372549
155,5d62ddee087b7af24faa36e3,7000.0,web,"{'type': 'Point', 'coordinates': [-121.991471, 37.386376]}",37.386376,-121.991471,Three Rings,-0.0,30,0.4505469221,0.058823529411764705,0.5093704515117647
878,5d62ddee087b7af24faa39b6,14300.0,web,"{'type': 'Point', 'coordinates': [-122.421406, 37.781386]}",37.781386,-122.421406,Formspring,-0.0,19,0.3083692796,0.19607843137254902,0.504447710972549
43,5d62ddee087b7af24faa3673,300.0,advertising,"{'type': 'Point', 'coordinates': [-122.1879633, 38.0729365]}",38.0729365,-122.1879633,boo-box,-0.0,50,0.4837585177,0.0196078431372549,0.503366360837255
26,5d62ddee087b7af24faa3662,16500.0,games_video,"{'type': 'Point', 'coordinates': [-122.116026, 37.451958]}",37.451958,-122.116026,iLike,-0.0,28,0.4612356038,0.0392156862745098,0.5004512900745098
275,5d62ddee087b7af24faa375b,0.0,software,"{'type': 'Point', 'coordinates': [-122.408646, 37.784137]}",37.784137,-122.408646,FragMob,-0.05,12,0.0203552721,0.5294117647058824,0.49976703680588236
1617,5d62ddee087b7af24faa3c9a,7500.0,messaging,"{'type': 'Point', 'coordinates': [-0.0830772, 51.5246619]}",51.5246619,-0.0830772,Glympse,-0.0,20,0.3027052292,0.19607843137254902,0.49878366057254897
81,5d62ddee087b7af24faa3699,8000.0,web,"{'type': 'Point', 'coordinates': [-123.115208, 49.25403]}",49.25403,-123.115208,Fixya,-0.0,30,0.4573420917,0.0392156862745098,0.49655777797450984
40,5d62ddee087b7af24faa3670,34000.0,games_video,"{'type': 'Point', 'coordinates': [-122.356756, 47.61968]}",47.61968,-122.356756,Vuze,-0.0,20,0.3539821104,0.13725490196078433,0.4912370123607843
744,5d62ddee087b7af24faa3930,10500.0,mobile,"{'type': 'Point', 'coordinates': [-95.5302337, 30.0314279]}",30.0314279,-95.5302337,Geodelic Systems,-0.0,30,0.4711803036,0.0196078431372549,0.4907881467372549
1657,5d62ddee087b7af24faa3cc2,3370.0,analytics,"{'type': 'Point', 'coordinates': [37.5289023, 55.647916]}",55.647916,37.5289023,CorrectNet,-0.0,34,0.4684608337,0.0196078431372549,0.4880686768372549
389,5d62ddee087b7af24faa37cd,250.0,consulting,"{'type': 'Point', 'coordinates': [-93.279911, 44.962697]}",44.962697,-93.279911,iBiz Software,-0.0,50,0.468295164,0.0196078431372549,0.4879030071372549
1140,5d62ddee087b7af24faa3abd,250.0,software,"{'type': 'Point', 'coordinates': [13.434474, 52.4943074]}",52.4943074,13.434474,Sysomos,-0.0,50,0.468295164,0.0196078431372549,0.4879030071372549
1231,5d62ddee087b7af24faa3b18,0.0,games_video,"{'type': 'Point', 'coordinates': [-73.994785, 40.752078]}",40.752078,-73.994785,LoomTV,-0.0,10,0.0169627267,0.47058823529411764,0.4875509619941176
663,5d62ddee087b7af24faa38df,2500.0,public_relations,"{'type': 'Point', 'coordinates': [-84.386384, 33.792535]}",33.792535,-84.386384,magnify360,-0.0,35,0.4645100409,0.0196078431372549,0.48411788403725486
1404,5d62ddee087b7af24faa3bc5,20332.55,cleantech,"{'type': 'Point', 'coordinates': [-122.361239, 47.6209107]}",47.6209107,-122.361239,Atraverda,-0.0,24,0.4038477162,0.0784313725490196,0.4822790887490196
799,5d62ddee087b7af24faa3967,0.0,other,"{'type': 'Point', 'coordinates': [-122.395785, 37.77772]}",37.77772,-122.395785,Beau-coup Wedding Favors,-0.0,30,0.0508881802,0.43137254901960786,0.4822607292196079
1436,5d62ddee087b7af24faa3be5,1469.82,software,"{'type': 'Point', 'coordinates': [-122.4099154, 37.7726402]}",37.7726402,-122.4099154,Verisim,-0.0,12,0.1484488666,0.3333333333333333,0.4817821999333333
1093,5d62ddee087b7af24faa3a8e,5936.36,mobile,"{'type': 'Point', 'coordinates': [-74.456689, 40.55007]}",40.55007,-74.456689,Viigo,-0.0,30,0.4421598376,0.0392156862745098,0.48137552387450977
1358,5d62ddee087b7af24faa3b97,2380.0,education,"{'type': 'Point', 'coordinates': [-122.675255, 45.519475]}",45.519475,-122.675255,Course Hero,-0.0,32,0.4220248124,0.058823529411764705,0.4808483418117647
250,5d62ddee087b7af24faa3742,5230.0,games_video,"{'type': 'Point', 'coordinates': [13.3900596, 52.5092995]}",52.5092995,13.3900596,Cellufun,-0.0,30,0.435713075,0.0392156862745098,0.4749287612745098
284,5d62ddee087b7af24faa3764,367.46,software,"{'type': 'Point', 'coordinates': [-122.418129, 37.771208]}",37.771208,-122.418129,Logicalware,-0.0,20,0.2003845745,0.27450980392156865,0.4748943784215687
1455,5d62ddee087b7af24faa3bf8,3640.0,software,"{'type': 'Point', 'coordinates': [-0.1036021, 51.5211504]}",51.5211504,-0.1036021,GameChanger Media,-0.0,20,0.2781798628,0.19607843137254902,0.47425829417254906
59,5d62ddee087b7af24faa3683,10500.0,games_video,"{'type': 'Point', 'coordinates': [-121.973228, 37.387114]}",37.387114,-121.973228,MocoSpace,-0.0,25,0.392650253,0.0784313725490196,0.4710816255490196
669,5d62ddee087b7af24faa38e5,8090.0,social,"{'type': 'Point', 'coordinates': [-122.347745, 37.580093]}",37.580093,-122.347745,LockerDome,-0.0,27,0.4121202486,0.058823529411764705,0.47094377801176474
1356,5d62ddee087b7af24faa3b95,100.0,advertising,"{'type': 'Point', 'coordinates': [-122.391686, 37.778551]}",37.778551,-122.391686,Dealer Ignition,-0.0,10,0.0781162435,0.39215686274509803,0.47027310624509805
13,5d62ddee087b7af24faa3655,7000.0,search,"{'type': 'Point', 'coordinates': [-118.756618, 34.155211]}",34.155211,-118.756618,Spock,-0.0,30,0.4505469221,0.0196078431372549,0.4701547652372549
363,5d62ddee087b7af24faa37b3,0.0,search,"{'type': 'Point', 'coordinates': [-122.389519, 37.782101]}",37.782101,-122.389519,Oriango,-0.0,10,0.0169627267,0.45098039215686275,0.46794311885686274
66,5d62ddee087b7af24faa368a,6500.0,web,"{'type': 'Point', 'coordinates': [-111.9035, 33.8171]}",33.8171,-111.9035,Behance,-0.0,30,0.4467757022,0.0196078431372549,0.4663835453372549
1217,5d62ddee087b7af24faa3b0a,392.0,ecommerce,"{'type': 'Point', 'coordinates': [-122.1842112, 37.4513629]}",37.4513629,-122.1842112,Zopim,-0.0,40,0.4051555317,0.058823529411764705,0.46397906111176473
14,5d62ddee087b7af24faa3656,20600.0,search,"{'type': 'Point', 'coordinates': [-122.025485, 37.418531]}",37.418531,-122.025485,Farecast,-0.0,26,0.4380780328,0.0196078431372549,0.4576858759372549
153,5d62ddee087b7af24faa36e1,0.0,web,"{'type': 'Point', 'coordinates': [-122.406912, 37.781002]}",37.781002,-122.406912,RankOne Media Group,-0.05,10,0.0169627267,0.49019607843137253,0.4571588051313725
247,5d62ddee087b7af24faa373f,5230.0,games_video,"{'type': 'Point', 'coordinates': [18.0670108, 59.3578896]}",59.3578896,18.0670108,Cellufun,-0.0,30,0.435713075,0.0196078431372549,0.4553209181372549
1285,5d62ddee087b7af24faa3b4e,23400.0,ecommerce,"{'type': 'Point', 'coordinates': [-0.0936688, 51.5119418]}",51.5119418,-0.0936688,Plastic Jungle,-0.0,22,0.3754374027,0.0784313725490196,0.4538687752490196
809,5d62ddee087b7af24faa3971,26400.0,cleantech,"{'type': 'Point', 'coordinates': [-77.215776, 38.911907]}",38.911907,-77.215776,Lumenergi,-0.0,25,0.4317488612,0.0196078431372549,0.4513567043372549
1554,5d62ddee087b7af24faa3c5b,4950.0,web,"{'type': 'Point', 'coordinates': [-74.011114, 40.707954]}",40.707954,-74.011114,Milo,-0.0,20,0.2886086793,0.1568627450980392,0.4454714243980392
1386,5d62ddee087b7af24faa3bb3,926.0,education,"{'type': 'Point', 'coordinates': [-78.900103, 35.911733]}",35.911733,-78.900103,Interfolio,-0.0,35,0.4055458858,0.0392156862745098,0.44476157207450984
1344,5d62ddee087b7af24faa3b89,50300.0,enterprise,"{'type': 'Point', 'coordinates': [-75.197882, 39.9511019]}",39.9511019,-75.197882,Pliant Technology,-0.0,22,0.4039957124,0.0392156862745098,0.44321139867450976
332,5d62ddee087b7af24faa3794,10000.0,games_video,"{'type': 'Point', 'coordinates': [-6.250684, 53.34202]}",53.34202,-6.250684,Citizen Sports,-0.0,27,0.4218277148,0.0196078431372549,0.44143555793725486
227,5d62ddee087b7af24faa372b,3500.0,games_video,"{'type': 'Point', 'coordinates': [144.96616, -37.813603]}",-37.813603,144.96616,Mytopia,-0.0,29,0.4014314593,0.0392156862745098,0.4406471455745098
1620,5d62ddee087b7af24faa3c9d,78000.0,nanotech,"{'type': 'Point', 'coordinates': [-79.3963858, 43.707147]}",43.707147,-79.3963858,QD Vision,-0.0,21,0.4012596558,0.0392156862745098,0.4404753420745098
260,5d62ddee087b7af24faa374c,3770.0,software,"{'type': 'Point', 'coordinates': [-73.923427, 40.743264]}",40.743264,-73.923427,Austhink Software,-0.0,30,0.4190555276,0.0196078431372549,0.43866337073725487
61,5d62ddee087b7af24faa3685,12300.0,enterprise,"{'type': 'Point', 'coordinates': [-93.4094629, 44.865243]}",44.865243,-93.4094629,Daylife,-0.0,25,0.3993600294,0.0392156862745098,0.4385757156745098
84,5d62ddee087b7af24faa369c,3000.0,games_video,"{'type': 'Point', 'coordinates': [13.398694, 52.523402]}",52.523402,13.398694,Rupture,-0.0,25,0.3395245632,0.09803921568627451,0.4375637788862745
1168,5d62ddee087b7af24faa3ad9,44300.0,enterprise,"{'type': 'Point', 'coordinates': [150.8705, -33.871118]}",-33.871118,150.8705,Symplified,-0.0,23,0.4174035455,0.0196078431372549,0.43701138863725486
1521,5d62ddee087b7af24faa3c3a,776.56,enterprise,"{'type': 'Point', 'coordinates': [-122.3350847, 47.6220245]}",47.6220245,-122.3350847,IMASTE,-0.0,30,0.338654423,0.09803921568627451,0.4366936386862745
184,5d62ddee087b7af24faa3700,40500.0,sports,"{'type': 'Point', 'coordinates': [-122.200914, 37.512318]}",37.512318,-122.200914,Bleacher Report,-0.0,22,0.3959087863,0.0392156862745098,0.4351244725745098
717,5d62ddee087b7af24faa3915,3500.0,advertising,"{'type': 'Point', 'coordinates': [144.817624, -38.37331]}",-38.37331,144.817624,Burt,-0.0,30,0.4152739234,0.0196078431372549,0.4348817665372549
713,5d62ddee087b7af24faa3911,3500.0,advertising,"{'type': 'Point', 'coordinates': [151.21085, -33.83639]}",-33.83639,151.21085,Burt,-0.0,30,0.4152739234,0.0196078431372549,0.4348817665372549
1292,5d62ddee087b7af24faa3b55,23400.0,ecommerce,"{'type': 'Point', 'coordinates': [-122.1156934, 37.380653]}",37.380653,-122.1156934,Plastic Jungle,-0.0,22,0.3754374027,0.058823529411764705,0.4342609321117647
423,5d62ddee087b7af24faa37ef,250.0,software,"{'type': 'Point', 'coordinates': [-117.271461, 32.842958]}",32.842958,-117.271461,Cosential,-0.0,40,0.3746361312,0.058823529411764705,0.4334596606117647
1106,5d62ddee087b7af24faa3a9b,2173.48,software,"{'type': 'Point', 'coordinates': [-121.9662996, 37.3694441]}",37.3694441,-121.9662996,op5,-0.0,30,0.3910290948,0.0392156862745098,0.4302447810745098
162,5d62ddee087b7af24faa36ea,0.0,web,"{'type': 'Point', 'coordinates': [-122.395792, 37.776467]}",37.776467,-122.395792,LibraryThing,-0.0,10,0.0169627267,0.4117647058823529,0.4287274325823529
883,5d62ddee087b7af24faa39bb,3100.0,advertising,"{'type': 'Point', 'coordinates': [73.8127667, 18.4939663]}",18.4939663,73.8127667,AdECN,-0.0,30,0.4090980903,0.0196078431372549,0.4287059334372549
570,5d62ddee087b7af24faa3882,3000.0,analytics,"{'type': 'Point', 'coordinates': [-119.7194377, 39.6096799]}",39.6096799,-119.7194377,Truviso,-0.0,30,0.4074294758,0.0196078431372549,0.4270373189372549
55,5d62ddee087b7af24faa367f,14500.0,games_video,"{'type': 'Point', 'coordinates': [139.7326754, 35.6725213]}",35.6725213,139.7326754,Aniboom,-0.0,25,0.4063380451,0.0196078431372549,0.4259458882372549
1392,5d62ddee087b7af24faa3bb9,5180.0,software,"{'type': 'Point', 'coordinates': [-73.970624, 40.7615818]}",40.7615818,-73.970624,iPharro Media,-0.0,17,0.2466270647,0.17647058823529413,0.4230976529352941
145,5d62ddee087b7af24faa36d9,13500.0,web,"{'type': 'Point', 'coordinates': [-70.262434, 43.65467]}",43.65467,-70.262434,Craigslist,-0.0,25,0.4033076979,0.0196078431372549,0.42291554103725487
651,5d62ddee087b7af24faa38d3,13300.0,web,"{'type': 'Point', 'coordinates': [-85.5950353, 43.0530176]}",43.0530176,-85.5950353,SkyGrid,-0.0,25,0.4026747486,0.0196078431372549,0.4222825917372549
377,5d62ddee087b7af24faa37c1,12200.0,games_video,"{'type': 'Point', 'coordinates': [23.881275, 55.169438]}",55.169438,23.881275,Fliqz,-0.0,25,0.3990138494,0.0196078431372549,0.4186216925372549
1374,5d62ddee087b7af24faa3ba7,15000.0,software,"{'type': 'Point', 'coordinates': [-118.262233, 34.051508]}",34.051508,-118.262233,Viridity Software,-0.0,22,0.3588426178,0.058823529411764705,0.4176661472117647
981,5d62ddee087b7af24faa3a1d,7500.0,software,"{'type': 'Point', 'coordinates': [-119.688412, 34.420316]}",34.420316,-119.688412,Rollstream,-0.0,25,0.3783815365,0.0392156862745098,0.41759722277450984
107,5d62ddee087b7af24faa36b3,7000.0,search,"{'type': 'Point', 'coordinates': [-122.117418, 37.402802]}",37.402802,-122.117418,Seeqpod,-0.0,25,0.3754557684,0.0392156862745098,0.41467145467450983
1189,5d62ddee087b7af24faa3aee,1460.0,enterprise,"{'type': 'Point', 'coordinates': [-0.1033237, 51.5312232]}",51.5312232,-0.1033237,Extreme Enterprises,-0.0,24,0.2966248298,0.11764705882352941,0.41427188862352937
1655,5d62ddee087b7af24faa3cc0,11000.0,security,"{'type': 'Point', 'coordinates': [-121.9602134, 37.2628816]}",37.2628816,-121.9602134,Vaultive,-0.0,25,0.3946230188,0.0196078431372549,0.4142308619372549
1108,5d62ddee087b7af24faa3a9d,3800.0,hardware,"{'type': 'Point', 'coordinates': [-0.2055081, 51.5359008]}",51.5359008,-0.2055081,Coveroo,-0.0,28,0.3914949459,0.0196078431372549,0.4111027890372549
360,5d62ddee087b7af24faa37b0,5000.0,network_hosting,"{'type': 'Point', 'coordinates': [103.845909, 1.319458]}",1.319458,103.845909,OleOle,-0.0,27,0.390082016,0.0196078431372549,0.40968985913725486
453,5d62ddee087b7af24faa380d,5430.0,music,"{'type': 'Point', 'coordinates': [-122.158804, 37.43938]}",37.43938,-122.158804,Nimbit,-0.0,20,0.2917485329,0.11764705882352941,0.40939559172352946
160,5d62ddee087b7af24faa36e8,0.0,games_video,"{'type': 'Point', 'coordinates': [-73.981534, 40.738832]}",40.738832,-73.981534,Recombinant,-0.0,10,0.0169627267,0.39215686274509803,0.409119589445098
1638,5d62ddee087b7af24faa3caf,6000.0,games_video,"{'type': 'Point', 'coordinates': [-122.10649, 37.431409]}",37.431409,-122.10649,Saavn,-0.0,25,0.3689187288,0.0392156862745098,0.40813441507450976
431,5d62ddee087b7af24faa37f7,6000.0,web,"{'type': 'Point', 'coordinates': [-122.0937686, 37.4186097]}",37.4186097,-122.0937686,StartForce,-0.0,21,0.3098917322,0.09803921568627451,0.4079309478862745
319,5d62ddee087b7af24faa3787,2350.0,enterprise,"{'type': 'Point', 'coordinates': [0.131237, 52.202544]}",52.202544,0.131237,Syncplicity,-0.0,25,0.3291689474,0.0784313725490196,0.40760031994901963
1200,5d62ddee087b7af24faa3af9,10200.0,hardware,"{'type': 'Point', 'coordinates': [-121.942932, 37.287285]}",37.287285,-121.942932,Meez,-0.0,21,0.3287936264,0.0784313725490196,0.4072249989490196
1230,5d62ddee087b7af24faa3b17,0.0,web,"{'type': 'Point', 'coordinates': [-73.97593, 40.752672]}",40.752672,-73.97593,Evolve Technologies,-0.0,20,0.0339254535,0.37254901960784315,0.4064744731078431
649,5d62ddee087b7af24faa38d1,0.0,mobile,"{'type': 'Point', 'coordinates': [-122.4000032, 37.7983181]}",37.7983181,-122.4000032,WirelessGround,-0.0,20,0.0339254535,0.37254901960784315,0.4064744731078431
644,5d62ddee087b7af24faa38cc,19200.0,web,"{'type': 'Point', 'coordinates': [-87.65318, 41.94038]}",41.94038,-87.65318,Hunch,-0.0,23,0.384784712,0.0196078431372549,0.40439255513725486
323,5d62ddee087b7af24faa378b,8660.0,ecommerce,"{'type': 'Point', 'coordinates': [9.945944, 57.047302]}",57.047302,9.945944,TicketLeap,-0.0,25,0.384480133,0.0196078431372549,0.4040879761372549
1028,5d62ddee087b7af24faa3a4d,0.0,software,"{'type': 'Point', 'coordinates': [-73.976018, 40.750179]}",40.750179,-73.976018,InfoBuild,-0.0,30,0.0508881802,0.35294117647058826,0.4038293566705883
146,5d62ddee087b7af24faa36da,12000.0,advertising,"{'type': 'Point', 'coordinates': [-80.101527, 40.61323]}",40.61323,-80.101527,SpotXchange,-0.0,24,0.3823803785,0.0196078431372549,0.4019882216372549
1716,5d62ddee087b7af24faa3cfd,18000.0,biotech,"{'type': 'Point', 'coordinates': [-81.879319, 26.579494]}",26.579494,-81.879319,Innovative Spinal Technologies,-0.0,23,0.3822667886,0.0196078431372549,0.4018746317372549
761,5d62ddee087b7af24faa3941,1800.0,software,"{'type': 'Point', 'coordinates': [3.727134, 51.04705]}",51.04705,3.727134,LiveHive Systems,-0.0,30,0.3814344894,0.0196078431372549,0.4010423325372549
419,5d62ddee087b7af24faa37eb,2000.0,web,"{'type': 'Point', 'coordinates': [34.7595, 32.0554]}",32.0554,34.7595,Crowd Science,-0.0,25,0.3223300786,0.0784313725490196,0.4007614511490196
694,5d62ddee087b7af24faa38fe,0.0,enterprise,"{'type': 'Point', 'coordinates': [-122.391011, 37.777092]}",37.777092,-122.391011,CheckMarket,-0.0,15,0.0254440901,0.37254901960784315,0.39799310970784313
119,5d62ddee087b7af24faa36bf,0.0,web,"{'type': 'Point', 'coordinates': [-122.38944, 37.788827]}",37.788827,-122.38944,Icosystem,-0.0,25,0.0424068169,0.35294117647058826,0.39534799337058824
1287,5d62ddee087b7af24faa3b50,23400.0,ecommerce,"{'type': 'Point', 'coordinates': [-96.0791435, 41.2601663]}",41.2601663,-96.0791435,Plastic Jungle,-0.0,22,0.3754374027,0.0196078431372549,0.39504524583725487
229,5d62ddee087b7af24faa372d,0.0,web,"{'type': 'Point', 'coordinates': [-73.97593, 40.752672]}",40.752672,-73.97593,RelevantMind,-0.0,13,0.0220515448,0.37254901960784315,0.39460056440784314
424,5d62ddee087b7af24faa37f0,250.0,software,"{'type': 'Point', 'coordinates': [-84.510753, 39.098927]}",39.098927,-84.510753,Cosential,-0.0,40,0.3746361312,0.0196078431372549,0.3942439743372549
422,5d62ddee087b7af24faa37ee,0.0,software,"{'type': 'Point', 'coordinates': [-122.412214, 37.775392]}",37.775392,-122.412214,SurveyGizmo,-0.0,47,0.0797248157,0.3137254901960784,0.39345030589607843
117,5d62ddee087b7af24faa36bd,17500.0,hardware,"{'type': 'Point', 'coordinates': [-121.9317853, 37.2906027]}",37.2906027,-121.9317853,Chumby,-0.0,20,0.3314501933,0.058823529411764705,0.3902737227117647
679,5d62ddee087b7af24faa38ef,6250.0,ecommerce,"{'type': 'Point', 'coordinates': [-114.083713, 51.046142]}",51.046142,-114.083713,ShopWiki,-0.0,25,0.3706498596,0.0196078431372549,0.3902577027372549
327,5d62ddee087b7af24faa378f,6090.0,analytics,"{'type': 'Point', 'coordinates': [-118.409161, 34.067153]}",34.067153,-118.409161,FusionOps,-0.0,25,0.3695501074,0.0196078431372549,0.3891579505372549
405,5d62ddee087b7af24faa37dd,6000.0,finance,"{'type': 'Point', 'coordinates': [10.045796, 53.573761]}",53.573761,10.045796,Jambool,-0.0,25,0.3689187288,0.0196078431372549,0.38852657193725487
254,5d62ddee087b7af24faa3746,600.0,search,"{'type': 'Point', 'coordinates': [-117.731283, 33.585767]}",33.585767,-117.731283,Omgili,-0.0,30,0.3255281093,0.058823529411764705,0.3843516387117647
393,5d62ddee087b7af24faa37d1,3770.0,software,"{'type': 'Point', 'coordinates': [-73.6271196, 41.026439]}",41.026439,-73.6271196,Aruspex,-0.0,26,0.3631814572,0.0196078431372549,0.3827893003372549
18,5d62ddee087b7af24faa365a,11000.0,games_video,"{'type': 'Point', 'coordinates': [-119.306607, 37.269175]}",37.269175,-119.306607,Pando Networks,-0.0,23,0.3630531773,0.0196078431372549,0.38266102043725486
101,5d62ddee087b7af24faa36ad,3184.62,search,"{'type': 'Point', 'coordinates': [-95.712891, 37.09024]}",37.09024,-95.712891,Evi,-0.0,25,0.3420571273,0.0392156862745098,0.3812728135745098
1343,5d62ddee087b7af24faa3b88,4800.0,mobile,"{'type': 'Point', 'coordinates': [-3.3090825, 55.934152]}",55.934152,-3.3090825,L4 Mobile,-0.0,25,0.359455921,0.0196078431372549,0.3790637641372549
1366,5d62ddee087b7af24faa3b9f,3000.0,advertising,"{'type': 'Point', 'coordinates': [-77.041976, 38.921547]}",38.921547,-77.041976,ClickEquations,-0.0,25,0.3395245632,0.0392156862745098,0.3787402494745098
1129,5d62ddee087b7af24faa3ab2,4700.0,social,"{'type': 'Point', 'coordinates': [-77.164776, 38.804559]}",38.804559,-77.164776,Busuu,-0.0,25,0.358563113,0.0196078431372549,0.3781709561372549
1648,5d62ddee087b7af24faa3cb9,61000.0,biotech,"{'type': 'Point', 'coordinates': [13.3813542, 52.5279255]}",52.5279255,13.3813542,EBR Systems,-0.0,16,0.2990495924,0.0784313725490196,0.3774809649490196
108,5d62ddee087b7af24faa36b4,12000.0,other,"{'type': 'Point', 'coordinates': [-121.991912, 37.385225]}",37.385225,-121.991912,Snapvine,-0.0,20,0.3186503154,0.058823529411764705,0.3774738448117647
1442,5d62ddee087b7af24faa3beb,500.0,mobile,"{'type': 'Point', 'coordinates': [-0.1346112, 51.5149197]}",51.5149197,-0.1346112,userADgents,-0.0,15,0.1581250485,0.21568627450980393,0.3738113230098039
52,5d62ddee087b7af24faa367c,19000.0,games_video,"{'type': 'Point', 'coordinates': [12.541484, 55.699123]}",55.699123,12.541484,Kongregate,-0.0,20,0.3342401581,0.0392156862745098,0.37345584437450985
843,5d62ddee087b7af24faa3993,0.0,consulting,"{'type': 'Point', 'coordinates': [-122.3884419, 37.7873938]}",37.7873938,-122.3884419,Papercheck,-0.0,35,0.0593695436,0.3137254901960784,0.37309503379607845
1276,5d62ddee087b7af24faa3b45,1450.0,software,"{'type': 'Point', 'coordinates': [-71.1986329, 42.4871509]}",42.4871509,-71.1986329,Zapproved,-0.0,27,0.33338816,0.0392156862745098,0.3726038462745098
75,5d62ddee087b7af24faa3693,1830.0,search,"{'type': 'Point', 'coordinates': [-122.335943, 47.6015315]}",47.6015315,-122.335943,PeekYou,-0.0,20,0.2548504237,0.11764705882352941,0.37249748252352943
1128,5d62ddee087b7af24faa3ab1,30500.0,finance,"{'type': 'Point', 'coordinates': [-115.177554, 36.252302]}",36.252302,-115.177554,Wealthfront,-0.0,20,0.3502966581,0.0196078431372549,0.3699045012372549
926,5d62ddee087b7af24faa39e6,7550.0,web,"{'type': 'Point', 'coordinates': [-75.549983, 39.746055]}",39.746055,-75.549983,Yipit,-0.0,23,0.3483702455,0.0196078431372549,0.3679780886372549
139,5d62ddee087b7af24faa36d3,1510.0,web,"{'type': 'Point', 'coordinates': [-80.064158, 26.524058]}",26.524058,-80.064158,clipsync,-0.0,28,0.3476616322,0.0196078431372549,0.3672694753372549
493,5d62ddee087b7af24faa3835,2600.0,web,"{'type': 'Point', 'coordinates': [14.235889, 40.838338]}",40.838338,14.235889,Imagekind,-0.0,26,0.3467943564,0.0196078431372549,0.3664021995372549
775,5d62ddee087b7af24faa394f,10400.0,web,"{'type': 'Point', 'coordinates': [-72.768842, 41.303696]}",41.303696,-72.768842,Gowalla,-0.0,22,0.3451751099,0.0196078431372549,0.3647829530372549
58,5d62ddee087b7af24faa3682,3328.13,mobile,"{'type': 'Point', 'coordinates': [-73.886452, 40.643438]}",40.643438,-73.886452,ZYB,-0.0,25,0.3439263185,0.0196078431372549,0.3635341616372549
62,5d62ddee087b7af24faa3686,7500.0,mobile,"{'type': 'Point', 'coordinates': [-73.981709, 40.775537]}",40.775537,-73.981709,SayNow,-0.0,20,0.3027052292,0.058823529411764705,0.3615287586117647
942,5d62ddee087b7af24faa39f6,1153.75,games_video,"{'type': 'Point', 'coordinates': [-0.1096216, 51.5220744]}",51.5220744,-0.1096216,Citizenside,-0.0,12,0.1435203985,0.21568627450980393,0.3592066730098039
1222,5d62ddee087b7af24faa3b0f,3000.0,software,"{'type': 'Point', 'coordinates': [12.5442488, 55.6742252]}",55.6742252,12.5442488,Backchannelmedia,-0.0,25,0.3395245632,0.0196078431372549,0.3591324063372549
392,5d62ddee087b7af24faa37d0,2200.0,enterprise,"{'type': 'Point', 'coordinates': [-77.181307, 39.116333]}",39.116333,-77.181307,BrightDoor Systems,-0.0,26,0.3394267552,0.0196078431372549,0.3590345983372549
246,5d62ddee087b7af24faa373e,786.0,analytics,"{'type': 'Point', 'coordinates': [-3.215149, 55.94862]}",55.94862,-3.215149,Attentio,-0.0,30,0.3392692989,0.0196078431372549,0.3588771420372549
1522,5d62ddee087b7af24faa3c3b,20000.0,network_hosting,"{'type': 'Point', 'coordinates': [11.6120973, 48.1234082]}",48.1234082,11.6120973,Gear6,-0.0,20,0.3359803064,0.0196078431372549,0.35558814953725487
370,5d62ddee087b7af24faa37ba,19500.0,mobile,"{'type': 'Point', 'coordinates': [-73.614577, 41.395013]}",41.395013,-73.614577,Transpera,-0.0,20,0.3351213883,0.0196078431372549,0.3547292314372549
42,5d62ddee087b7af24faa3672,10600.0,games_video,"{'type': 'Point', 'coordinates': [34.851612, 31.046051]}",31.046051,34.851612,BuddyTV,-0.0,20,0.3144417731,0.0392156862745098,0.35365745937450976
130,5d62ddee087b7af24faa36ca,10494.72,analytics,"{'type': 'Point', 'coordinates': [-105.07359, 39.89674]}",39.89674,-105.07359,Proximic,-0.0,20,0.3141031384,0.0392156862745098,0.3533188246745098
1544,5d62ddee087b7af24faa3c51,18700.0,education,"{'type': 'Point', 'coordinates': [-94.2191382, 43.2933829]}",43.2933829,-94.2191382,MyEdu,-0.0,20,0.3337002191,0.0196078431372549,0.35330806223725486
722,5d62ddee087b7af24faa391a,1000.0,software,"{'type': 'Point', 'coordinates': [-0.145438, 51.509905]}",51.509905,-0.145438,Telespree,-0.0,20,0.2343487305,0.11764705882352941,0.3519957893235294
232,5d62ddee087b7af24faa3730,3000.0,web,"{'type': 'Point', 'coordinates': [-0.0869736, 51.5212179]}",51.5212179,-0.0869736,SlideShare,-0.0,10,0.1358098253,0.21568627450980393,0.3514960998098039
462,5d62ddee087b7af24faa3816,7200.0,web,"{'type': 'Point', 'coordinates': [-6.215271, 53.274549]}",53.274549,-6.215271,CrimeReports,-0.0,22,0.3314523569,0.0196078431372549,0.3510602000372549
460,5d62ddee087b7af24faa3814,7200.0,web,"{'type': 'Point', 'coordinates': [-77.031194, 38.994517]}",38.994517,-77.031194,CrimeReports,-0.0,22,0.3314523569,0.0196078431372549,0.3510602000372549
375,5d62ddee087b7af24faa37bf,0.0,web,"{'type': 'Point', 'coordinates': [-73.9724886, 40.7534549]}",40.7534549,-73.9724886,Mouth Watering Media,-0.0,10,0.0169627267,0.3333333333333333,0.3502960600333333
220,5d62ddee087b7af24faa3724,0.0,web,"{'type': 'Point', 'coordinates': [-122.401537, 37.773727]}",37.773727,-122.401537,My Complete Event,-0.0,10,0.0169627267,0.3333333333333333,0.3502960600333333
1676,5d62ddee087b7af24faa3cd5,2385.16,messaging,"{'type': 'Point', 'coordinates': [-0.1366861, 51.5152023]}",51.5152023,-0.1366861,Kwaga,-0.0,10,0.1319194904,0.21568627450980393,0.34760576490980394
32,5d62ddee087b7af24faa3668,1750.0,web,"{'type': 'Point', 'coordinates': [-122.347533, 47.620716]}",47.620716,-122.347533,Respectance,-0.0,15,0.1900004624,0.1568627450980392,0.3468632074980392
1447,5d62ddee087b7af24faa3bf0,7300.0,finance,"{'type': 'Point', 'coordinates': [-122.3333044, 47.603176]}",47.603176,-122.3333044,Kapitall,-0.0,15,0.2263412019,0.11764705882352941,0.3439882607235294
352,5d62ddee087b7af24faa37a8,22300.0,mobile,"{'type': 'Point', 'coordinates': [-96.793505, 32.925506]}",32.925506,-96.793505,Mozes,-0.0,19,0.3226895794,0.0196078431372549,0.34229742253725487
114,5d62ddee087b7af24faa36ba,8000.0,web,"{'type': 'Point', 'coordinates': [88.363895, 22.572646]}",22.572646,88.363895,HubPages,-0.0,21,0.3201394642,0.0196078431372549,0.3397473073372549
173,5d62ddee087b7af24faa36f5,11500.0,mobile,"{'type': 'Point', 'coordinates': [-121.28, 38.7072]}",38.7072,-121.28,HipLogic,-0.0,20,0.3172064612,0.0196078431372549,0.3368143043372549
1246,5d62ddee087b7af24faa3b27,4500.0,ecommerce,"{'type': 'Point', 'coordinates': [-87.624333, 41.879535]}",41.879535,-87.624333,Audiolife,-0.0,11,0.156956381,0.17647058823529413,0.33342696923529413
1244,5d62ddee087b7af24faa3b25,600.0,web,"{'type': 'Point', 'coordinates': [-0.11796, 51.5178123]}",51.5178123,-0.11796,Gennio,-0.0,18,0.1953168656,0.13725490196078433,0.3325717675607843
452,5d62ddee087b7af24faa380c,5430.0,music,"{'type': 'Point', 'coordinates': [11.5677288, 48.1281209]}",48.1281209,11.5677288,Nimbit,-0.0,20,0.2917485329,0.0392156862745098,0.3309642191745098
1225,5d62ddee087b7af24faa3b12,0.0,software,"{'type': 'Point', 'coordinates': [-73.9702711, 40.7564786]}",40.7564786,-73.9702711,Emoshape,-0.0,10,0.0169627267,0.3137254901960784,0.3306882168960784
1095,5d62ddee087b7af24faa3a90,9400.0,analytics,"{'type': 'Point', 'coordinates': [-58.5128212, -34.4725563]}",-34.4725563,-58.5128212,Quantivo,-0.0,20,0.3103658228,0.0196078431372549,0.3299736659372549
177,5d62ddee087b7af24faa36f9,300.0,games_video,"{'type': 'Point', 'coordinates': [-71.252147, 42.397435]}",42.397435,-71.252147,2threads,-0.0,30,0.2902551106,0.0392156862745098,0.32947079687450975
95,5d62ddee087b7af24faa36a7,4104.7,web,"{'type': 'Point', 'coordinates': [-122.332904, 47.598968]}",47.598968,-122.332904,Plazes,-0.0,15,0.2116919785,0.11764705882352941,0.3293390373235294
1678,5d62ddee087b7af24faa3cd7,9000.0,advertising,"{'type': 'Point', 'coordinates': [-122.1537577, 47.6325767]}",47.6325767,-122.1537577,ClickFuel,-0.0,20,0.3088905707,0.0196078431372549,0.32849841383725487
1148,5d62ddee087b7af24faa3ac5,8000.0,advertising,"{'type': 'Point', 'coordinates': [-118.3841777, 33.8303776]}",33.8303776,-118.3841777,JAZD Markets,-0.0,20,0.3048947278,0.0196078431372549,0.3245025709372549
135,5d62ddee087b7af24faa36cf,5000.0,web,"{'type': 'Point', 'coordinates': [4.892903, 52.365001]}",52.365001,4.892903,First30Days,-0.0,17,0.2456071953,0.0784313725490196,0.32403856784901963
176,5d62ddee087b7af24faa36f8,11200.0,mobile,"{'type': 'Point', 'coordinates': [-118.468204, 34.043948]}",34.043948,-118.468204,Tiny Pictures,-0.0,18,0.2846787309,0.0392156862745098,0.32389441717450984
614,5d62ddee087b7af24faa38ae,3372.51,news,"{'type': 'Point', 'coordinates': [-74.0057152, 40.7272544]}",40.7272544,-74.0057152,Allvoices,-0.05,10,0.1377952274,0.23529411764705882,0.32308934504705883
1164,5d62ddee087b7af24faa3ad5,7450.0,software,"{'type': 'Point', 'coordinates': [-118.487236, 34.213925]}",34.213925,-118.487236,RJMetrics,-0.0,20,0.3024783022,0.0196078431372549,0.3220861453372549
41,5d62ddee087b7af24faa3671,7300.0,advertising,"{'type': 'Point', 'coordinates': [150.981801, -33.722577]}",-33.722577,150.981801,Kiptronic,-0.0,20,0.3017882692,0.0196078431372549,0.3213961123372549
67,5d62ddee087b7af24faa368b,2800.0,other,"{'type': 'Point', 'coordinates': [-73.566634, 45.506643]}",45.506643,-73.566634,OrganizedWisdom,-0.0,18,0.2423511325,0.0784313725490196,0.3207825050490196
1528,5d62ddee087b7af24faa3c41,1210.0,enterprise,"{'type': 'Point', 'coordinates': [-122.544532, 45.619318]}",45.619318,-122.544532,Samasource,-0.0,25,0.3010195158,0.0196078431372549,0.3206273589372549
240,5d62ddee087b7af24faa3738,4000.0,software,"{'type': 'Point', 'coordinates': [-123.109933, 49.284521]}",49.284521,-123.109933,Datacraft Solutions,-0.0,13,0.182896607,0.13725490196078433,0.3201515089607843
954,5d62ddee087b7af24faa3a02,18500.0,education,"{'type': 'Point', 'coordinates': [144.9530953, -37.8289319]}",-37.8289319,144.9530953,StudyBlue,-0.0,18,0.3000018832,0.0196078431372549,0.3196097263372549
351,5d62ddee087b7af24faa37a7,250.0,games_video,"{'type': 'Point', 'coordinates': [-97.740395, 30.269004]}",30.269004,-97.740395,MeFeedia,-0.0,13,0.1217567426,0.19607843137254902,0.317835173972549
1261,5d62ddee087b7af24faa3b36,0.0,software,"{'type': 'Point', 'coordinates': [-0.1010535, 51.5232255]}",51.5232255,-0.1010535,Time America,-0.0,25,0.0424068169,0.27450980392156865,0.31691662082156863
0,5d62ddee087b7af24faa3648,16500.0,web,"{'type': 'Point', 'coordinates': [-118.393064, 34.090368]}",34.090368,-118.393064,Geni,-0.0,18,0.2965086024,0.0196078431372549,0.3161164455372549
1178,5d62ddee087b7af24faa3ae3,3500.0,advertising,"{'type': 'Point', 'coordinates': [-84.329081, 34.016961]}",34.016961,-84.329081,Pictela,-0.0,20,0.2768492823,0.0392156862745098,0.31606496857450983
10,5d62ddee087b7af24faa3652,24000.0,games_video,"{'type': 'Point', 'coordinates': [-122.217964, 37.488336]}",37.488336,-122.217964,AdaptiveBlue,-0.0,15,0.2566242359,0.058823529411764705,0.3154477653117647
99,5d62ddee087b7af24faa36ab,1950.0,web,"{'type': 'Point', 'coordinates': [-73.865287, 41.035749]}",41.035749,-73.865287,RealSelf,-0.0,23,0.2955559165,0.0196078431372549,0.3151637596372549
530,5d62ddee087b7af24faa385a,3500.0,ecommerce,"{'type': 'Point', 'coordinates': [-97.744762, 30.264043]}",30.264043,-97.744762,TournEase,-0.0,10,0.1384246411,0.17647058823529413,0.3148952293352941
711,5d62ddee087b7af24faa390f,15300.0,photo_video,"{'type': 'Point', 'coordinates': [-84.3391231, 33.8317964]}",33.8317964,-84.3391231,StudioNow,-0.0,18,0.2942031373,0.0196078431372549,0.31381098043725486
1220,5d62ddee087b7af24faa3b0d,0.0,public_relations,"{'type': 'Point', 'coordinates': [-73.991535, 40.733201]}",40.733201,-73.991535,DreamDesigners,-0.0,11,0.0186589994,0.29411764705882354,0.3127766464588235
487,5d62ddee087b7af24faa382f,1000.0,public_relations,"{'type': 'Point', 'coordinates': [-118.4138, 34.05775]}",34.05775,-118.4138,SensorWave,-0.0,25,0.2929359131,0.0196078431372549,0.3125437562372549
902,5d62ddee087b7af24faa39ce,300.0,web,"{'type': 'Point', 'coordinates': [-0.137494, 51.5124201]}",51.5124201,-0.137494,TasteSpace,-0.0,10,0.0967517035,0.21568627450980393,0.31243797800980394
892,5d62ddee087b7af24faa39c4,1775.0,software,"{'type': 'Point', 'coordinates': [-123.3558507, 48.429856]}",48.429856,-123.3558507,semanticlabs,-0.0,23,0.2918874455,0.0196078431372549,0.3114952886372549
1004,5d62ddee087b7af24faa3a35,5400.0,mobile,"{'type': 'Point', 'coordinates': [-112.074887, 33.468396]}",33.468396,-112.074887,Momail,-0.0,20,0.2915605797,0.0196078431372549,0.3111684228372549
866,5d62ddee087b7af24faa39aa,5000.0,web,"{'type': 'Point', 'coordinates': [-81.991232, 26.600742]}",26.600742,-81.991232,Viximo,-0.0,20,0.2889496415,0.0196078431372549,0.3085574846372549
212,5d62ddee087b7af24faa371c,5000.0,search,"{'type': 'Point', 'coordinates': [-78.9065, 35.999586]}",35.999586,-78.9065,Authenticlick,-0.0,20,0.2889496415,0.0196078431372549,0.3085574846372549
1561,5d62ddee087b7af24faa3c62,4360.0,software,"{'type': 'Point', 'coordinates': [1.8456964, 48.6849631]}",48.6849631,1.8456964,Metreos Corporation,-0.0,20,0.2843030128,0.0196078431372549,0.30391085593725486
1640,5d62ddee087b7af24faa3cb1,6900.0,mobile,"{'type': 'Point', 'coordinates': [4.8928722, 52.3657578]}",52.3657578,4.8928722,Fixmo Carrier Services,-0.0,15,0.2249073527,0.0784313725490196,0.3033387252490196
358,5d62ddee087b7af24faa37ae,18700.0,mobile,"{'type': 'Point', 'coordinates': [5.291266, 52.132633]}",52.132633,5.291266,Stitcher,-0.0,17,0.2836451862,0.0196078431372549,0.3032530293372549
321,5d62ddee087b7af24faa3789,0.0,software,"{'type': 'Point', 'coordinates': [-122.419204, 37.775196]}",37.775196,-122.419204,SilverStripe,-0.0,40,0.067850907,0.23529411764705882,0.30314502464705884
1301,5d62ddee087b7af24faa3b5e,4200.0,software,"{'type': 'Point', 'coordinates': [8.6605881, 49.8740096]}",49.8740096,8.6605881,Conformiq,-0.0,20,0.2830346238,0.0196078431372549,0.3026424669372549
1214,5d62ddee087b7af24faa3b07,33200.0,software,"{'type': 'Point', 'coordinates': [7.3554365, 51.4523335]}",51.4523335,7.3554365,Untangle,-0.0,16,0.2825394587,0.0196078431372549,0.3021473018372549
15,5d62ddee087b7af24faa3657,4100.0,web,"{'type': 'Point', 'coordinates': [6.1329985, 49.6026778]}",49.6026778,6.1329985,Pageflakes,-0.0,20,0.2822171034,0.0196078431372549,0.3018249465372549
54,5d62ddee087b7af24faa367e,8000.0,network_hosting,"{'type': 'Point', 'coordinates': [-71.058768, 42.350274]}",42.350274,-71.058768,Zivity,-0.1,16,0.2439157822,0.1568627450980392,0.3007785272980392
1170,5d62ddee087b7af24faa3adb,0.0,software,"{'type': 'Point', 'coordinates': [-0.1020265, 51.5196135]}",51.5196135,-0.1020265,Alachisoft,-0.0,50,0.0848136337,0.21568627450980393,0.30049990820980393
292,5d62ddee087b7af24faa376c,0.0,games_video,"{'type': 'Point', 'coordinates': [-122.415199, 37.7746693]}",37.7746693,-122.415199,Medioh!,-0.0,15,0.0254440901,0.27450980392156865,0.29995389402156863
288,5d62ddee087b7af24faa3768,110.0,web,"{'type': 'Point', 'coordinates': [-122.477959, 37.814202]}",37.814202,-122.477959,Mad Mimi,-0.0,35,0.2790653741,0.0196078431372549,0.2986732172372549
1467,5d62ddee087b7af24faa3c04,3640.0,software,"{'type': 'Point', 'coordinates': [-78.6395667, 35.8691474]}",35.8691474,-78.6395667,GameChanger Media,-0.0,20,0.2781798628,0.0196078431372549,0.2977877059372549
811,5d62ddee087b7af24faa3973,700.0,mobile,"{'type': 'Point', 'coordinates': [-6.2567125, 53.3574412]}",53.3574412,-6.2567125,Big In Japan,-0.0,25,0.277810464,0.0196078431372549,0.29741830713725487
200,5d62ddee087b7af24faa3710,8300.0,advertising,"{'type': 'Point', 'coordinates': [-81.1274, 29.4748]}",29.4748,-81.1274,Sprout,-0.0,18,0.2755292927,0.0196078431372549,0.29513713583725487
899,5d62ddee087b7af24faa39cb,500.0,mobile,"{'type': 'Point', 'coordinates': [-77.367981, 38.872668]}",38.872668,-77.367981,XE Corporation,-0.0,26,0.2740834174,0.0196078431372549,0.29369126053725486
425,5d62ddee087b7af24faa37f1,1500.0,web,"{'type': 'Point', 'coordinates': [-104.722932, 38.861035]}",38.861035,-104.722932,BrandYourself,-0.0,22,0.2729147499,0.0196078431372549,0.29252259303725486
365,5d62ddee087b7af24faa37b5,2900.0,software,"{'type': 'Point', 'coordinates': [3.71105, 51.050314]}",51.050314,3.71105,Cognition Technologies,-0.0,20,0.2704695251,0.0196078431372549,0.2900773682372549
1564,5d62ddee087b7af24faa3c65,0.0,software,"{'type': 'Point', 'coordinates': [-122.419209, 37.775206]}",37.775206,-122.419209,Whitecap Canada,-0.0,30,0.0508881802,0.23529411764705882,0.28618229784705884
1346,5d62ddee087b7af24faa3b8b,0.0,public_relations,"{'type': 'Point', 'coordinates': [-87.6267867, 41.886624]}",41.886624,-87.6267867,CitySpur,-0.0,17,0.0288366355,0.2549019607843137,0.2837385962843137
170,5d62ddee087b7af24faa36f2,0.0,software,"{'type': 'Point', 'coordinates': [-74.00118, 40.718871]}",40.718871,-74.00118,Agematis,-0.0,40,0.067850907,0.21568627450980393,0.28353718150980395
575,5d62ddee087b7af24faa3887,0.0,other,"{'type': 'Point', 'coordinates': [-0.10978, 51.52129]}",51.52129,-0.10978,Imaginuity New Media,-0.0,40,0.067850907,0.21568627450980393,0.28353718150980395
691,5d62ddee087b7af24faa38fb,500.0,ecommerce,"{'type': 'Point', 'coordinates': [-70.9903438, 43.3104064]}",43.3104064,-70.9903438,Pond5,-0.0,25,0.2635417475,0.0196078431372549,0.28314959063725487
1673,5d62ddee087b7af24faa3cd2,0.0,consulting,"{'type': 'Point', 'coordinates': [-0.1043766, 51.5270568]}",51.5270568,-0.1043766,pingVision,-0.0,16,0.0271403628,0.2549019607843137,0.2820423235843137
129,5d62ddee087b7af24faa36c9,13500.0,software,"{'type': 'Point', 'coordinates': [-105.07359, 39.89674]}",39.89674,-105.07359,Roost,-0.0,15,0.2419846188,0.0392156862745098,0.28120030507450977
1150,5d62ddee087b7af24faa3ac7,0.0,network_hosting,"{'type': 'Point', 'coordinates': [-87.625677, 41.885408]}",41.885408,-87.625677,Green Spider Design,-0.0,15,0.0254440901,0.2549019607843137,0.2803460508843137
543,5d62ddee087b7af24faa3867,0.0,software,"{'type': 'Point', 'coordinates': [-87.624983, 41.886088]}",41.886088,-87.624983,RezOvation,-0.0,15,0.0254440901,0.2549019607843137,0.2803460508843137
1454,5d62ddee087b7af24faa3bf7,250.0,software,"{'type': 'Point', 'coordinates': [-122.3408187, 47.6146338]}",47.6146338,-122.3408187,ProtoShare,-0.0,15,0.1404885492,0.13725490196078433,0.27774345116078436
186,5d62ddee087b7af24faa3702,11500.0,advertising,"{'type': 'Point', 'coordinates': [-122.0879281, 37.3973787]}",37.3973787,-122.0879281,Sportgenic,-0.0,15,0.2379048459,0.0392156862745098,0.2771205321745098
268,5d62ddee087b7af24faa3754,1941.41,advertising,"{'type': 'Point', 'coordinates': [-6.32868, 53.337935]}",53.337935,-6.32868,MADS,-0.0,20,0.2568553687,0.0196078431372549,0.27646321183725486
1646,5d62ddee087b7af24faa3cb7,2041.26,news,"{'type': 'Point', 'coordinates': [-71.05781, 42.35892]}",42.35892,-71.05781,Rue89,-0.1,20,0.2585568235,0.11764705882352941,0.2762038823235294
600,5d62ddee087b7af24faa38a0,22400.0,games_video,"{'type': 'Point', 'coordinates': [-73.701079, 40.79978]}",40.79978,-73.701079,GenArts,-0.0,15,0.2548687751,0.0196078431372549,0.2744766182372549
1602,5d62ddee087b7af24faa3c8b,1020.0,other,"{'type': 'Point', 'coordinates': [-0.1361616, 51.519816]}",51.519816,-0.1361616,SproutBox,-0.0,10,0.1175102718,0.1568627450980392,0.2743730168980392
1339,5d62ddee087b7af24faa3b84,1775.0,public_relations,"{'type': 'Point', 'coordinates': [-75.39342, 40.046431]}",40.046431,-75.39342,Anygma,-0.0,20,0.25381517,0.0196078431372549,0.27342301313725487
206,5d62ddee087b7af24faa3716,9650.0,web,"{'type': 'Point', 'coordinates': [-0.0934254, 51.5141566]}",51.5141566,-0.0934254,Krillion,-0.0,10,0.1556281529,0.11764705882352941,0.2732752117235294
1510,5d62ddee087b7af24faa3c2f,1100.0,advertising,"{'type': 'Point', 'coordinates': [-122.217964, 37.488336]}",37.488336,-122.217964,CoTweet,-0.0,18,0.2138239544,0.058823529411764705,0.2726474838117647
1126,5d62ddee087b7af24faa3aaf,0.0,web,"{'type': 'Point', 'coordinates': [-87.626777, 41.886511]}",41.886511,-87.626777,popdat,-0.0,10,0.0169627267,0.2549019607843137,0.2718646874843137
78,5d62ddee087b7af24faa3696,2000.0,enterprise,"{'type': 'Point', 'coordinates': [-118.468458, 34.011335]}",34.011335,-118.468458,Webjam,-0.0,18,0.2320776566,0.0392156862745098,0.2712933428745098
69,5d62ddee087b7af24faa368d,3500.0,web,"{'type': 'Point', 'coordinates': [-105.28131, 40.01621]}",40.01621,-105.28131,Mixx,-0.0,11,0.1522671053,0.11764705882352941,0.2699141641235294
150,5d62ddee087b7af24faa36de,500.0,software,"{'type': 'Point', 'coordinates': [-122.269494, 37.87168]}",37.87168,-122.269494,Movaya,-0.0,20,0.210833398,0.058823529411764705,0.2696569274117647
1685,5d62ddee087b7af24faa3cde,18400.0,biotech,"{'type': 'Point', 'coordinates': [2.1255025, 48.8278444]}",48.8278444,2.1255025,Innovative Biosensors,-0.0,15,0.2498636606,0.0196078431372549,0.2694715037372549
27,5d62ddee087b7af24faa3663,0.0,public_relations,"{'type': 'Point', 'coordinates': [-122.419204, 37.775196]}",37.775196,-122.419204,37signals,-0.0,20,0.0339254535,0.23529411764705882,0.2692195711470588
88,5d62ddee087b7af24faa36a0,8300.0,games_video,"{'type': 'Point', 'coordinates': [-121.941184, 37.281651]}",37.281651,-121.941184,Veodia,-0.0,15,0.2296077439,0.0392156862745098,0.2688234301745098
632,5d62ddee087b7af24faa38c0,1497.66,other,"{'type': 'Point', 'coordinates': [-122.334643, 37.587789]}",37.587789,-122.334643,NEXTA Media,-0.0,20,0.2480513531,0.0196078431372549,0.2676591962372549
204,5d62ddee087b7af24faa3714,0.0,software,"{'type': 'Point', 'coordinates': [-73.997026, 40.724421]}",40.724421,-73.997026,ExpenseWire,-0.05,25,0.0424068169,0.27450980392156865,0.26691662082156864
609,5d62ddee087b7af24faa38a9,125.0,software,"{'type': 'Point', 'coordinates': [-97.364138, 37.612231]}",37.612231,-97.364138,Samfind,-0.0,30,0.2457040997,0.0196078431372549,0.2653119428372549
80,5d62ddee087b7af24faa3698,9400.0,games_video,"{'type': 'Point', 'coordinates': [-122.300246, 37.553743]}",37.553743,-122.300246,Metaplace,-0.0,12,0.1862194937,0.0784313725490196,0.26465086624901957
1251,5d62ddee087b7af24faa3b2c,0.0,other,"{'type': 'Point', 'coordinates': [-73.9964376, 40.723714]}",40.723714,-73.9964376,ClerkDogs,-0.05,35,0.0593695436,0.2549019607843137,0.2642715043843137
1556,5d62ddee087b7af24faa3c5d,0.0,search,"{'type': 'Point', 'coordinates': [-122.419204, 37.775196]}",37.775196,-122.419204,Ayima,-0.0,17,0.0288366355,0.23529411764705882,0.2641307531470588
508,5d62ddee087b7af24faa3844,300.0,web,"{'type': 'Point', 'coordinates': [-3.813122, 40.456204]}",40.456204,-3.813122,Yovia,-0.0,25,0.2418792588,0.0196078431372549,0.2614871019372549
1113,5d62ddee087b7af24faa3aa2,0.0,software,"{'type': 'Point', 'coordinates': [-73.974714, 40.762897]}",40.762897,-73.974714,CoKinetic Systems Corp,-0.0,50,0.0848136337,0.17647058823529413,0.2612842219352941
1520,5d62ddee087b7af24faa3c39,1220.32,ecommerce,"{'type': 'Point', 'coordinates': [-80.1550199, 26.2031094]}",26.2031094,-80.1550199,WEEZEVENT,-0.0,20,0.2411037333,0.0196078431372549,0.2607115764372549
1705,5d62ddee087b7af24faa3cf2,2750.0,enterprise,"{'type': 'Point', 'coordinates': [-118.47036, 34.045499]}",34.045499,-118.47036,RxVantage,-0.0,15,0.2015008126,0.058823529411764705,0.2603243420117647
1202,5d62ddee087b7af24faa3afb,1200.0,mobile,"{'type': 'Point', 'coordinates': [-76.828943, 39.236548]}",39.236548,-76.828943,KlickSports,-0.0,20,0.240534072,0.0196078431372549,0.2601419151372549
1662,5d62ddee087b7af24faa3cc7,6790.0,enterprise,"{'type': 'Point', 'coordinates': [-0.5754294, 44.8743952]}",44.8743952,-0.5754294,Fliptop,-0.0,16,0.2394650178,0.0196078431372549,0.2590728609372549
228,5d62ddee087b7af24faa372c,4000.0,software,"{'type': 'Point', 'coordinates': [-8.224454, 39.399872]}",39.399872,-8.224454,Glaxstar,-0.0,17,0.239172486,0.0196078431372549,0.2587803291372549
832,5d62ddee087b7af24faa3988,125.0,consulting,"{'type': 'Point', 'coordinates': [-121.933651, 37.291228]}",37.291228,-121.933651,Demand Solutions Group,-0.0,22,0.1801830065,0.0784313725490196,0.2586143790490196
874,5d62ddee087b7af24faa39b2,0.0,software,"{'type': 'Point', 'coordinates': [-87.632519, 41.889183]}",41.889183,-87.632519,O3Spaces,-0.0,25,0.0424068169,0.21568627450980393,0.2580930914098039
627,5d62ddee087b7af24faa38bb,0.0,enterprise,"{'type': 'Point', 'coordinates': [-73.9933841, 40.7280992]}",40.7280992,-73.9933841,LeadGenesys,-0.0,23,0.0390142715,0.21568627450980393,0.25470054600980396
391,5d62ddee087b7af24faa37cf,3800.0,messaging,"{'type': 'Point', 'coordinates': [-122.420903, 37.796164]}",37.796164,-122.420903,OtherInbox,-0.0,14,0.1957474729,0.058823529411764705,0.2545710023117647
1258,5d62ddee087b7af24faa3b33,9382.37,ecommerce,"{'type': 'Point', 'coordinates': [-79.386755, 43.670233]}",43.670233,-79.386755,Shutl,-0.0,10,0.1551510674,0.09803921568627451,0.2531902830862745
735,5d62ddee087b7af24faa3927,0.0,ecommerce,"{'type': 'Point', 'coordinates': [-97.745209, 30.268735]}",30.268735,-97.745209,Propertyshark,-0.0,45,0.0763322704,0.17647058823529413,0.2528028586352941
1041,5d62ddee087b7af24faa3a5a,963.0,software,"{'type': 'Point', 'coordinates': [7.483322, 51.367484]}",51.367484,7.483322,Hook Mobile,-0.0,20,0.2330696775,0.0196078431372549,0.2526775206372549
1689,5d62ddee087b7af24faa3ce2,0.0,ecommerce,"{'type': 'Point', 'coordinates': [-0.1037742, 51.517356]}",51.517356,-0.1037742,WebGravity,-0.0,10,0.0169627267,0.23529411764705882,0.2522568443470588
137,5d62ddee087b7af24faa36d1,0.0,enterprise,"{'type': 'Point', 'coordinates': [-122.419204, 37.775196]}",37.775196,-122.419204,Mibura,-0.0,10,0.0169627267,0.23529411764705882,0.2522568443470588
834,5d62ddee087b7af24faa398a,0.0,software,"{'type': 'Point', 'coordinates': [-87.6223183, 41.8851542]}",41.8851542,-87.6223183,WiredRed,-0.0,10,0.0169627267,0.23529411764705882,0.2522568443470588
634,5d62ddee087b7af24faa38c2,35000.0,search,"{'type': 'Point', 'coordinates': [-122.258139, 37.522281]}",37.522281,-122.258139,Telnic,-0.0,12,0.2129793155,0.0392156862745098,0.2521950017745098
996,5d62ddee087b7af24faa3a2c,25.0,software,"{'type': 'Point', 'coordinates': [-73.217971, 44.455806]}",44.455806,-73.217971,Double Encore,-0.0,42,0.2293238264,0.0196078431372549,0.24893166953725493
1647,5d62ddee087b7af24faa3cb8,2041.26,news,"{'type': 'Point', 'coordinates': [14.4204598, 50.0878114]}",50.0878114,14.4204598,Rue89,-0.05,20,0.2585568235,0.0392156862745098,0.2477725097745098
263,5d62ddee087b7af24faa374f,7480.0,enterprise,"{'type': 'Point', 'coordinates': [-75.485407, 39.786948]}",39.786948,-75.485407,Trampoline Systems,-0.0,15,0.2269609803,0.0196078431372549,0.2465688234372549
641,5d62ddee087b7af24faa38c9,0.0,web,"{'type': 'Point', 'coordinates': [-0.111242, 51.52216]}",51.52216,-0.111242,e-Man,-0.0,18,0.0305329081,0.21568627450980393,0.24621918260980394
335,5d62ddee087b7af24faa3797,1600.0,search,"{'type': 'Point', 'coordinates': [-118.265655, 33.903544]}",33.903544,-118.265655,Fave Media,-0.0,18,0.2252644351,0.0196078431372549,0.24487227823725488
1279,5d62ddee087b7af24faa3b48,0.0,ecommerce,"{'type': 'Point', 'coordinates': [-73.996876, 40.724604]}",40.724604,-73.996876,Shop N Chill,-0.05,12,0.0203552721,0.27450980392156865,0.24486507602156865
337,5d62ddee087b7af24faa3799,554.69,web,"{'type': 'Point', 'coordinates': [-122.2475729, 37.5068854]}",37.5068854,-122.2475729,zweitgeist,-0.0,21,0.2250726494,0.0196078431372549,0.24468049253725488
1002,5d62ddee087b7af24faa3a33,710.0,software,"{'type': 'Point', 'coordinates': [-72.114442, 44.867343]}",44.867343,-72.114442,VODECLIC,-0.0,20,0.2227295914,0.0196078431372549,0.24233743453725493
93,5d62ddee087b7af24faa36a5,21500.0,software,"{'type': 'Point', 'coordinates': [-122.2862187, 37.5583159]}",37.5583159,-122.2862187,Skinkers,-0.0,12,0.2030602906,0.0392156862745098,0.2422759768745098
98,5d62ddee087b7af24faa36aa,7900.0,web,"{'type': 'Point', 'coordinates': [-122.084171, 37.386665]}",37.386665,-122.084171,StreetFire,-0.0,12,0.1826807921,0.058823529411764705,0.2415043215117647
1682,5d62ddee087b7af24faa3cdb,20600.0,advertising,"{'type': 'Point', 'coordinates': [-97.798152, 30.354768]}",30.354768,-97.798152,Gravity,-0.0,12,0.2021898613,0.0392156862745098,0.2414055475745098
451,5d62ddee087b7af24faa380b,2800.0,mobile,"{'type': 'Point', 'coordinates': [4.863604, 52.354098]}",52.354098,4.863604,Tapulous,-0.0,15,0.2019592771,0.0392156862745098,0.2411749633745098
1081,5d62ddee087b7af24faa3a82,0.0,consulting,"{'type': 'Point', 'coordinates': [-87.630765, 41.890421]}",41.890421,-87.630765,Eagle Software Group,-0.0,15,0.0254440901,0.21568627450980393,0.24113036460980394
884,5d62ddee087b7af24faa39bc,2773.45,mobile,"{'type': 'Point', 'coordinates': [151.1936039, -33.8719926]}",-33.8719926,151.1936039,C4M,-0.0,15,0.2017168615,0.0392156862745098,0.24093254777450981
